Point ID,Points:0,Points:1,Points:2
5914,11.8533,-0.414565,0.0856894
540,11.8659,-0.415989,0.0788921
5767,11.869,-0.41746,0.0848787
541,11.8737,-0.41746,0.0787818
2995,11.8757,-0.417012,0.0739803
2994,11.8763,-0.41746,0.0758109
2996,11.8776,-0.41721,0.0730335
2992,11.879,-0.41746,0.0729788
2993,11.8802,-0.417463,0.0718248
2989,11.8836,-0.417798,0.0702411
2987,11.8895,-0.418359,0.067627
2985,11.8919,-0.418577,0.0666317
2983,11.8955,-0.4189,0.0651706
5774,11.8964,-0.422497,0.0834682
2981,11.8993,-0.419234,0.0636865
2979,11.9015,-0.419421,0.0628755
5773,11.9029,-0.42369,0.0831344
2977,11.9045,-0.419674,0.0617886
2975,11.9078,-0.419941,0.0606673
2973,11.9106,-0.42017,0.0597213
2971,11.9136,-0.420413,0.0587394
2969,11.9159,-0.420589,0.0580376
2967,11.9198,-0.420888,0.0568736
2965,11.9228,-0.421121,0.0559831
2963,11.9259,-0.421351,0.0551232
2961,11.929,-0.421579,0.0542846
2959,11.9321,-0.421804,0.0534735
5771,11.9325,-0.429138,0.0816087
2857,11.9352,-0.422028,0.0526813
542,11.9366,-0.429138,0.0765435
2860,11.9383,-0.42225,0.0519068
2997,11.9392,-0.429138,0.0736532
2862,11.9403,-0.422387,0.0514318
2991,11.9419,-0.429138,0.0709006
2864,11.9445,-0.422683,0.0504265
2988,11.9448,-0.429138,0.0682968
2866,11.9476,-0.422897,0.0497113
2986,11.9477,-0.429138,0.065845
2984,11.9493,-0.429138,0.0646759
2868,11.9507,-0.423109,0.0490076
2982,11.9508,-0.429138,0.0635444
2980,11.9524,-0.429138,0.0624504
2978,11.954,-0.429138,0.0613936
5770,11.9546,-0.433205,0.0804701
2976,11.9557,-0.429138,0.0603729
2870,11.9569,-0.42353,0.047629
2974,11.9574,-0.429138,0.0593868
2972,11.9591,-0.429138,0.0584336
2970,11.9608,-0.429138,0.0575117
2968,11.9626,-0.429138,0.0566196
2966,11.9644,-0.429138,0.0557558
2964,11.9662,-0.429138,0.0549185
2962,11.968,-0.429138,0.0541062
2960,11.9699,-0.429138,0.0533174
5769,11.9704,-0.436103,0.0796585
2859,11.9718,-0.429138,0.0525505
2858,11.9737,-0.429138,0.0518038
2861,11.9756,-0.429138,0.0510758
2863,11.9775,-0.429138,0.0503649
2865,11.9794,-0.429138,0.0496696
2867,11.9814,-0.429138,0.0489881
2869,11.9833,-0.429138,0.0483191
2871,11.9873,-0.429138,0.0470118
2873,11.9913,-0.429138,0.0457381
5768,11.9932,-0.440309,0.078481
5709,11.996,-0.440817,0.0783387
2877,11.9981,-0.426173,0.0390471
2875,11.9993,-0.429138,0.043266
543,11.9994,-0.440817,0.0743051
2381,12.0021,-0.440817,0.0714956
2382,12.0049,-0.440817,0.0688225
2384,12.0093,-0.440817,0.0650912
2387,12.0123,-0.440817,0.0627915
5708,12.0131,-0.443955,0.07746
2880,12.0152,-0.429138,0.038469
2326,12.0155,-0.440817,0.06064
2372,12.0188,-0.440817,0.0586337
2359,12.0222,-0.440817,0.0567623
2362,12.0257,-0.440817,0.0550134
2366,12.0294,-0.440817,0.0533741
2350,12.0312,-0.440817,0.0525916
2345,12.0331,-0.440817,0.0518319
2332,12.0368,-0.440817,0.050374
2958,12.0377,-0.428506,0.0309565
5919,12.0389,-0.448689,0.0761345
2998,12.0407,-0.440817,0.0489879
2336,12.0426,-0.440817,0.0483178
2878,12.0442,-0.428869,0.0296421
2999,12.0445,-0.440817,0.0476608
2879,12.0469,-0.429138,0.0292742
2320,12.0504,-0.440817,0.0457534
2881,12.053,-0.429351,0.027882
2317,12.0544,-0.440817,0.0445222
5918,12.0566,-0.451943,0.0752233
5711,12.0596,-0.452496,0.0750687
2957,12.0611,-0.42979,0.0262529
2318,12.0624,-0.440817,0.0421281
568,12.0623,-0.452496,0.0720668
2328,12.0628,-0.446656,0.0518343
2344,12.0646,-0.446656,0.0510891
2380,12.065,-0.452496,0.0693379
2882,12.0671,-0.430106,0.0250692
2347,12.0665,-0.446656,0.0503645
2395,12.0679,-0.452496,0.0667444
2337,12.0703,-0.446656,0.0489713
2398,12.0708,-0.452496,0.0642977
5710,12.0719,-0.454752,0.0744369
2383,12.0723,-0.452496,0.0631305
2393,12.0738,-0.452496,0.0620005
2312,12.0742,-0.446656,0.0476419
2386,12.0754,-0.452496,0.0609072
2390,12.077,-0.452496,0.0598503
2291,12.0783,-0.440817,0.0374712
2311,12.0781,-0.446656,0.0463637
2378,12.0802,-0.452496,0.0578448
2375,12.0836,-0.452496,0.055977
2956,12.0872,-0.431128,0.0211792
2369,12.0871,-0.452496,0.054235
2361,12.0889,-0.452496,0.0534071
2883,12.0898,-0.431259,0.0206742
2365,12.0907,-0.452496,0.0526058
2330,12.0925,-0.452496,0.0518297
2329,12.0944,-0.452496,0.051077
2349,12.0962,-0.452496,0.0503463
2343,12.1,-0.452496,0.0489443
2338,12.1019,-0.452496,0.0482698
2335,12.1058,-0.452496,0.046966
5921,12.1086,-0.461466,0.0725571
2292,12.1099,-0.440817,0.0285168
2324,12.1097,-0.452496,0.045712
2884,12.1109,-0.432265,0.0167255
2316,12.1176,-0.452496,0.0433062
5920,12.1207,-0.46369,0.0719343
2302,12.1256,-0.440817,0.0242705
2314,12.1255,-0.452496,0.0409903
569,12.1252,-0.464174,0.0698285
2356,12.1259,-0.458335,0.0503197
2351,12.1278,-0.458335,0.0496035
2401,12.1279,-0.464174,0.0671802
2885,12.1321,-0.433211,0.0128882
2400,12.1308,-0.464174,0.0646663
5712,12.1311,-0.4656,0.0713995
2342,12.1316,-0.458335,0.0482294
2339,12.1335,-0.458335,0.0475683
2399,12.1338,-0.464174,0.0622981
2397,12.1353,-0.464174,0.0611698
2334,12.1373,-0.458335,0.0462901
2954,12.1386,-0.433489,0.0117321
2392,12.1384,-0.464174,0.0590228
2303,12.1413,-0.440817,0.0202098
2290,12.1414,-0.452496,0.0364734
2323,12.1412,-0.458335,0.0450602
2389,12.1417,-0.464174,0.0570193
2377,12.145,-0.464174,0.0551551
2376,12.1468,-0.464174,0.0542722
2374,12.1485,-0.464174,0.0534198
2370,12.1503,-0.464174,0.0525966
2886,12.152,-0.434042,0.00938032
2368,12.152,-0.464174,0.0518008
2364,12.1557,-0.464174,0.0502853
2294,12.1572,-0.440817,0.0163319
2357,12.1575,-0.464174,0.0495624
2355,12.1594,-0.464174,0.0488608
2354,12.1613,-0.464174,0.0481786
2352,12.1632,-0.464174,0.0475145
2341,12.1651,-0.464174,0.0468668
2340,12.1689,-0.464174,0.0456143
2887,12.1714,-0.434795,0.00604255
2295,12.1731,-0.440817,0.0126202
2307,12.1728,-0.452496,0.0277595
2432,12.1728,-0.464174,0.0444084
2322,12.1767,-0.464174,0.0432367
5923,12.1795,-0.474455,0.0689202
2321,12.1807,-0.464174,0.0420903
2460,12.1836,-0.470013,0.0509976
2462,12.1854,-0.470013,0.0502434
5922,12.1855,-0.47556,0.0686107
2301,12.1885,-0.452496,0.0236185
2297,12.1891,-0.440817,0.00905486
517,12.188,-0.475853,0.0675902
2313,12.1886,-0.464174,0.0398524
2455,12.1891,-0.470013,0.0488051
2450,12.191,-0.470013,0.048118
518,12.1909,-0.475853,0.0650225
2452,12.1929,-0.470013,0.04745
2447,12.1948,-0.470013,0.0467996
5925,12.1951,-0.47732,0.0681179
2448,12.1967,-0.470013,0.0461653
2473,12.1968,-0.475853,0.0602986
2431,12.2005,-0.470013,0.0449384
2469,12.2015,-0.475853,0.0571384
2304,12.2042,-0.452496,0.0196563
5924,12.2035,-0.478866,0.0676851
2282,12.2052,-0.440817,0.00561567
2315,12.2044,-0.464174,0.0354757
2436,12.2044,-0.470013,0.0437566
2445,12.2048,-0.475853,0.055209
2467,12.2065,-0.475853,0.0542959
2888,12.2102,-0.436132,-0.000501169
2466,12.2099,-0.475853,0.0525673
2459,12.2116,-0.475853,0.0517486
2435,12.2123,-0.470013,0.0414823
2458,12.2134,-0.475853,0.0509582
2464,12.2152,-0.475853,0.0501945
2461,12.2188,-0.475853,0.0487409
2293,12.22,-0.452496,0.0158707
2454,12.2226,-0.475853,0.0473752
2453,12.2244,-0.475853,0.0467214
2953,12.2271,-0.436638,-0.00331358
2501,12.2253,-0.481692,0.0615491
2451,12.2263,-0.475853,0.0460847
2504,12.2283,-0.481692,0.0592988
2503,12.2314,-0.481692,0.0571947
2444,12.2321,-0.475853,0.0442625
2299,12.2359,-0.452496,0.0122451
2309,12.2358,-0.464174,0.0270022
2283,12.2374,-0.440817,-0.000964624
2496,12.2414,-0.481692,0.0517149
2487,12.2432,-0.481692,0.050913
2492,12.245,-0.481692,0.050139
5717,12.2452,-0.486477,0.0655539
2488,12.2468,-0.481692,0.0493913
2889,12.249,-0.437228,-0.00698376
2475,12.2504,-0.481692,0.0479687
2296,12.2518,-0.452496,0.00876003
2308,12.2514,-0.464174,0.0229665
5719,12.251,-0.487531,0.0652587
570,12.2538,-0.487531,0.0628649
2480,12.2541,-0.481692,0.0466324
2482,12.256,-0.481692,0.0459927
2502,12.2567,-0.487531,0.06051
2476,12.2579,-0.481692,0.0453699
2477,12.2598,-0.481692,0.0447623
2507,12.2598,-0.487531,0.058299
2589,12.2614,-0.487531,0.0572484
2443,12.2637,-0.481692,0.0435866
2505,12.2646,-0.487531,0.0552541
2306,12.2671,-0.464174,0.0191028
2506,12.2662,-0.487531,0.0543093
2281,12.2678,-0.452496,0.0053956
2416,12.2675,-0.475853,0.0344779
2441,12.2676,-0.481692,0.0424531
2474,12.2679,-0.487531,0.0533986
2890,12.2698,-0.440817,-0.00727357
2500,12.2696,-0.487531,0.0525215
2499,12.2713,-0.487531,0.0516766
2498,12.273,-0.487531,0.0508625
2497,12.2748,-0.487531,0.0500774
2439,12.2754,-0.481692,0.0402663
2493,12.2783,-0.487531,0.0485882
2952,12.2829,-0.437987,-0.0126654
2305,12.2828,-0.464174,0.0154094
2489,12.282,-0.487531,0.0471965
2891,12.2872,-0.438069,-0.0133761
2484,12.2857,-0.487531,0.0458896
2586,12.2882,-0.493371,0.0594709
2481,12.2895,-0.487531,0.044655
2599,12.2913,-0.493371,0.0572993
2596,12.2945,-0.493371,0.0552724
5718,12.2946,-0.495477,0.063034
2478,12.2953,-0.487531,0.0429107
2300,12.2987,-0.464174,0.01187
2593,12.2977,-0.493371,0.0533858
2428,12.2988,-0.475853,0.0262448
2288,12.3,-0.452496,-0.00105037
2442,12.2991,-0.487531,0.0418013
2285,12.3021,-0.440817,-0.013398
2583,12.3011,-0.493371,0.0516343
2579,12.3028,-0.493371,0.050807
2950,12.3063,-0.438405,-0.0165916
2580,12.3046,-0.493371,0.05001
2571,12.3063,-0.493371,0.0492418
2551,12.307,-0.487531,0.0396584
2576,12.3081,-0.493371,0.0485006
2572,12.3099,-0.493371,0.0477851
2573,12.3117,-0.493371,0.0470935
2419,12.3146,-0.464174,0.00846519
2560,12.3136,-0.493371,0.0464243
2424,12.3144,-0.475853,0.0223146
2951,12.316,-0.438556,-0.0182386
2438,12.3148,-0.487531,0.0375767
5926,12.3151,-0.49921,0.0619887
2569,12.3154,-0.493371,0.045776
572,12.3167,-0.49921,0.0607072
2564,12.3173,-0.493371,0.0451469
2566,12.3192,-0.493371,0.0445354
2587,12.3197,-0.49921,0.0584319
2562,12.323,-0.493371,0.0433593
2600,12.3228,-0.49921,0.0562995
2598,12.3244,-0.49921,0.0552877
2595,12.3276,-0.49921,0.0533697
2425,12.33,-0.475853,0.0185493
2298,12.3305,-0.464174,0.00517554
2592,12.3293,-0.49921,0.0524622
2433,12.3306,-0.487531,0.0334801
2552,12.3307,-0.493371,0.0411495
2594,12.331,-0.49921,0.0515883
2585,12.3327,-0.49921,0.0507471
2584,12.3344,-0.49921,0.0499374
5927,12.3347,-0.50276,0.0609947
2582,12.3361,-0.49921,0.0491576
2581,12.3379,-0.49921,0.0484061
2550,12.3385,-0.493371,0.0390504
2417,12.3457,-0.475853,0.0149482
2574,12.3452,-0.49921,0.0456521
2548,12.3464,-0.493371,0.0370078
519,12.3481,-0.505049,0.0596283
2568,12.3489,-0.49921,0.0444041
2640,12.3512,-0.505049,0.0573928
2892,12.3542,-0.43901,-0.0246756
2642,12.3543,-0.505049,0.0552997
5721,12.3553,-0.506519,0.0599422
2632,12.3559,-0.505049,0.0543073
2605,12.3565,-0.49921,0.0421029
2638,12.3575,-0.505049,0.0533502
2633,12.3592,-0.505049,0.0524275
2422,12.3614,-0.475853,0.0114949
2289,12.3625,-0.464174,-0.00113612
2634,12.3608,-0.505049,0.0515387
2430,12.3617,-0.487531,0.0254875
2531,12.3621,-0.493371,0.0329812
2554,12.3623,-0.49921,0.0404978
2284,12.3644,-0.452496,-0.0132637
2601,12.3625,-0.505049,0.0506831
2629,12.3642,-0.505049,0.0498599
2286,12.3668,-0.440817,-0.0251487
2625,12.3659,-0.505049,0.0490677
2626,12.3677,-0.505049,0.0483052
2617,12.3695,-0.505049,0.0475705
2553,12.3701,-0.49921,0.0384424
2622,12.3713,-0.505049,0.0468622
2619,12.3749,-0.505049,0.0455185
2418,12.3773,-0.475853,0.00817036
2429,12.3773,-0.487531,0.0216626
2549,12.378,-0.49921,0.0364388
2615,12.3786,-0.505049,0.0442614
5720,12.3794,-0.510889,0.0587187
520,12.3796,-0.510889,0.0585495
2610,12.3805,-0.505049,0.0436613
2612,12.3824,-0.505049,0.0430782
2603,12.3843,-0.505049,0.0425103
2712,12.3842,-0.510889,0.0553087
2608,12.3862,-0.505049,0.0419563
2641,12.3874,-0.510889,0.053327
5723,12.3892,-0.512665,0.0582214
2557,12.39,-0.505049,0.0408831
2637,12.3907,-0.510889,0.0514853
2411,12.3932,-0.475853,0.00495548
2427,12.3929,-0.487531,0.0179959
2547,12.3936,-0.49921,0.0324824
2555,12.3939,-0.505049,0.039846
2635,12.394,-0.510889,0.0497779
2630,12.3975,-0.510889,0.0481981
2627,12.401,-0.510889,0.0467349
2893,12.406,-0.439299,-0.0333916
2623,12.4046,-0.510889,0.0453756
2426,12.4085,-0.487531,0.014487
2620,12.4083,-0.510889,0.0441077
5725,12.4116,-0.516728,0.0570837
2614,12.4121,-0.510889,0.0429185
574,12.4141,-0.516728,0.0553147
2611,12.4158,-0.510889,0.0417955
2711,12.4157,-0.516728,0.0542893
2894,12.4213,-0.439315,-0.0359598
2704,12.4189,-0.516728,0.0523466
2607,12.4197,-0.510889,0.0407259
2606,12.4216,-0.510889,0.0402072
2423,12.4242,-0.487531,0.0111198
2415,12.425,-0.475853,-0.00122187
2706,12.4239,-0.516728,0.0496917
2542,12.4247,-0.49921,0.0247302
2413,12.4266,-0.464174,-0.0131294
2546,12.4252,-0.505049,0.0319835
2556,12.4255,-0.510889,0.0391942
2675,12.4256,-0.516728,0.0488727
2701,12.4273,-0.516728,0.0480855
2274,12.4316,-0.440817,-0.0362886
2697,12.4291,-0.516728,0.0473285
2698,12.4308,-0.516728,0.0466003
2689,12.4326,-0.516728,0.0458993
5724,12.4326,-0.520537,0.0560172
2694,12.4344,-0.516728,0.0452239
2691,12.4381,-0.516728,0.0439436
2421,12.44,-0.487531,0.00787552
2538,12.4402,-0.49921,0.0210106
2687,12.4418,-0.516728,0.0427468
5727,12.4439,-0.522567,0.0554487
2684,12.4455,-0.516728,0.0416209
575,12.4456,-0.522567,0.0542756
2677,12.4474,-0.516728,0.0410806
2716,12.4472,-0.522567,0.0532699
2715,12.4488,-0.522567,0.0523004
2949,12.4527,-0.439253,-0.0412253
2713,12.4504,-0.522567,0.0513663
2678,12.4513,-0.516728,0.0400374
2710,12.4537,-0.522567,0.049601
2420,12.4558,-0.487531,0.00473542
2539,12.4557,-0.49921,0.0174424
2655,12.4567,-0.510889,0.0314846
2672,12.457,-0.516728,0.0385424
2707,12.4571,-0.522567,0.0479676
5726,12.4581,-0.52513,0.054731
2703,12.4589,-0.522567,0.0471982
2702,12.4606,-0.522567,0.0464589
2699,12.4642,-0.522567,0.0450637
2895,12.4692,-0.439171,-0.0439845
2695,12.4678,-0.522567,0.0437693
2532,12.4713,-0.49921,0.0140258
2692,12.4715,-0.522567,0.0425633
2686,12.4752,-0.522567,0.041433
5731,12.4762,-0.528407,0.0538137
522,12.4771,-0.528407,0.0532366
2757,12.4803,-0.528407,0.0513006
2896,12.4863,-0.43905,-0.0468499
2753,12.4836,-0.528407,0.0495056
2536,12.487,-0.49921,0.0107447
2525,12.4876,-0.487531,-0.00130762
2544,12.4877,-0.510889,0.0239728
2750,12.487,-0.528407,0.0478447
2287,12.4908,-0.464174,-0.0245315
2671,12.4886,-0.522567,0.0378906
2717,12.4887,-0.528407,0.0470624
2744,12.4904,-0.528407,0.046311
2740,12.4922,-0.528407,0.0455892
2275,12.4965,-0.440817,-0.0469104
2741,12.494,-0.528407,0.0448954
2732,12.4957,-0.528407,0.044228
2733,12.4994,-0.528407,0.0429662
2734,12.5012,-0.528407,0.0423686
2533,12.5027,-0.49921,0.00758069
2543,12.5031,-0.510889,0.0203587
2730,12.5049,-0.528407,0.0412322
5729,12.5076,-0.534061,0.0522304
2727,12.5087,-0.528407,0.0401636
571,12.5102,-0.534246,0.0512312
2719,12.5106,-0.528407,0.0396508
2758,12.5118,-0.534246,0.0503009
2723,12.5125,-0.528407,0.0391503
2756,12.5135,-0.534246,0.0494056
2673,12.5163,-0.528407,0.0381796
2754,12.5168,-0.534246,0.0477166
2524,12.5185,-0.49921,0.00451536
2541,12.5186,-0.510889,0.0168889
2752,12.5185,-0.534246,0.0469212
2654,12.5198,-0.522567,0.0304868
2746,12.522,-0.534246,0.0454238
2743,12.5255,-0.534246,0.044043
5734,12.5283,-0.537787,0.0511871
2739,12.5291,-0.534246,0.0427663
2738,12.531,-0.534246,0.0421631
2736,12.5328,-0.534246,0.0415811
2540,12.5342,-0.510889,0.0135646
2735,12.5346,-0.534246,0.0410189
2731,12.5365,-0.534246,0.0404749
2729,12.5384,-0.534246,0.0399474
5737,12.5411,-0.540085,0.0505436
524,12.5417,-0.540085,0.0502119
2726,12.5422,-0.534246,0.0389359
2897,12.5459,-0.438359,-0.0568353
2722,12.546,-0.534246,0.0379719
2721,12.5479,-0.534246,0.0375037
5736,12.5481,-0.541341,0.050192
2530,12.5501,-0.49921,-0.00139336
2537,12.5498,-0.510889,0.0103695
2412,12.5512,-0.487531,-0.0128608
2666,12.5506,-0.522567,0.0232155
2765,12.5518,-0.534246,0.0365871
2273,12.555,-0.464174,-0.0353913
2898,12.5615,-0.440817,-0.0571107
5733,12.5586,-0.543232,0.0496626
2535,12.5654,-0.510889,0.00728585
2662,12.5661,-0.522567,0.0197067
5732,12.5676,-0.544838,0.0492127
2788,12.5719,-0.540085,0.0387063
526,12.5748,-0.545924,0.0483013
2784,12.5757,-0.540085,0.0377472
2534,12.5812,-0.510889,0.0042953
2822,12.5799,-0.545924,0.0458322
2663,12.5815,-0.522567,0.0163355
2850,12.586,-0.545924,0.0433114
5738,12.5868,-0.548278,0.0482497
2899,12.5929,-0.437529,-0.0647168
2810,12.5895,-0.545924,0.0420266
2807,12.5914,-0.545924,0.0414217
2802,12.5932,-0.545924,0.0408397
2656,12.597,-0.522567,0.0131033
2838,12.5969,-0.545924,0.0397381
2900,12.6056,-0.437264,-0.0668425
2790,12.6016,-0.545924,0.0384619
5741,12.6049,-0.551507,0.0473454
5743,12.6064,-0.551764,0.0472736
2856,12.6097,-0.551764,0.045661
2529,12.6127,-0.510889,-0.00147911
2526,12.6135,-0.49921,-0.0127265
2660,12.6126,-0.522567,0.00999443
2853,12.6114,-0.551764,0.0448901
2414,12.6148,-0.487531,-0.0239143
2668,12.6136,-0.534246,0.0224581
2776,12.6149,-0.545924,0.0352835
2824,12.6149,-0.551764,0.0434417
2280,12.6194,-0.464174,-0.0457868
2849,12.6175,-0.551764,0.042433
2851,12.6184,-0.551764,0.0421107
2277,12.6265,-0.440817,-0.06698
2835,12.6229,-0.551764,0.0405943
5742,12.6244,-0.554973,0.0463751
2842,12.6257,-0.551764,0.0397536
2777,12.6269,-0.548844,0.035814
2657,12.6282,-0.522567,0.00699102
2840,12.6275,-0.551764,0.0392187
2667,12.629,-0.534246,0.0190547
2832,12.6331,-0.551764,0.0377191
2828,12.6369,-0.551764,0.0367913
2827,12.6388,-0.551764,0.0363442
528,12.6395,-0.557603,0.0454841
511,12.6412,-0.557603,0.0446999
2651,12.6438,-0.522567,0.00407523
2665,12.6444,-0.534246,0.015782
2132,12.6447,-0.557603,0.0432271
2774,12.6459,-0.545924,0.0284913
2152,12.6491,-0.557603,0.0415547
2157,12.6527,-0.557603,0.0403386
2158,12.6536,-0.557603,0.0400499
2831,12.6546,-0.554683,0.0359935
2175,12.6582,-0.557603,0.0386885
2829,12.6585,-0.554683,0.0351381
2664,12.6598,-0.534246,0.0126421
5695,12.6607,-0.561413,0.0445719
2217,12.6628,-0.557603,0.0374457
2901,12.67,-0.435669,-0.0776572
2204,12.6685,-0.557603,0.0360764
512,12.6727,-0.563442,0.0437387
2652,12.6752,-0.522567,-0.00156486
2211,12.6743,-0.557603,0.0348001
2661,12.6753,-0.534246,0.00961932
2527,12.6768,-0.49921,-0.0236057
2407,12.6785,-0.487531,-0.034494
2771,12.6766,-0.545924,0.0217008
2773,12.6774,-0.551764,0.0279924
2231,12.6781,-0.557603,0.03398
5688,12.6783,-0.564532,0.0436985
2130,12.6797,-0.563442,0.0409878
2902,12.6891,-0.43512,-0.0808648
2659,12.6909,-0.534246,0.00669619
2769,12.6919,-0.545924,0.0184027
5693,12.6956,-0.567584,0.0428439
2658,12.7065,-0.534246,0.00385517
5691,12.7052,-0.569282,0.0423686
510,12.706,-0.569282,0.0420635
2770,12.7073,-0.545924,0.0152285
2229,12.709,-0.557603,0.0274935
2030,12.7104,-0.569282,0.0404099
2766,12.7227,-0.545924,0.0121809
5667,12.7261,-0.57294,0.0413442
2062,12.7289,-0.572201,0.039067
2653,12.7377,-0.534246,-0.00165061
2528,12.7388,-0.510889,-0.0232971
2768,12.7381,-0.545924,0.00924421
2410,12.7423,-0.487531,-0.0446632
2244,12.7396,-0.557603,0.0209435
504,12.7393,-0.575121,0.0404566
2948,12.7455,-0.433309,-0.0903285
2276,12.7483,-0.464174,-0.0655305
2052,12.7465,-0.575121,0.038076
5669,12.7475,-0.57669,0.0402942
2050,12.7483,-0.575121,0.0375431
2278,12.7567,-0.440817,-0.0859109
2767,12.7536,-0.545924,0.00640135
2233,12.7548,-0.557603,0.0177508
2033,12.7586,-0.578041,0.0387698
2040,12.7604,-0.578041,0.0381974
2763,12.7691,-0.545924,0.00363511
2238,12.7701,-0.557603,0.014675
2055,12.7696,-0.578041,0.035675
495,12.7726,-0.58096,0.0389158
5641,12.7752,-0.581509,0.038945
2084,12.781,-0.578041,0.0331875
2903,12.7888,-0.431747,-0.0975665
2236,12.7855,-0.557603,0.0117197
1792,12.7873,-0.58096,0.0348413
2220,12.7882,-0.575121,0.0290428
5745,12.7889,-0.58388,0.0382811
489,12.7902,-0.58388,0.0378825
1768,12.792,-0.58388,0.0373278
5640,12.7961,-0.585111,0.0379365
1776,12.7975,-0.58388,0.0358032
2648,12.8008,-0.522567,-0.0229885
2520,12.8019,-0.510889,-0.0335967
2240,12.8009,-0.557603,0.00886909
1784,12.8012,-0.58388,0.0348875
2230,12.8025,-0.569282,0.0201861
2222,12.8035,-0.575121,0.0259968
1872,12.8044,-0.58096,0.0313729
490,12.8059,-0.5868,0.0374389
487,12.8078,-0.5868,0.0368929
1679,12.8096,-0.5868,0.0363711
1673,12.8114,-0.5868,0.0358718
1817,12.8126,-0.58388,0.032486
2241,12.8163,-0.557603,0.00610652
1694,12.8151,-0.5868,0.0349348
2232,12.8178,-0.569282,0.0170988
1860,12.8198,-0.58096,0.0284738
5634,12.8229,-0.589719,0.0366461
488,12.8235,-0.589719,0.0364581
1721,12.8264,-0.5868,0.032502
5631,12.8279,-0.590572,0.0364074
1663,12.8281,-0.589719,0.0352165
2242,12.8318,-0.557603,0.00341505
2234,12.833,-0.569282,0.0141216
1697,12.8347,-0.589719,0.033683
1853,12.8356,-0.58388,0.0281894
1824,12.836,-0.5868,0.0307211
486,12.8402,-0.592639,0.0357681
1664,12.8439,-0.592639,0.0348028
1723,12.8441,-0.589719,0.0317845
1685,12.8467,-0.592639,0.0341316
1698,12.8505,-0.592639,0.0332969
1845,12.8513,-0.5868,0.0279049
1728,12.8518,-0.589719,0.0303952
1700,12.8523,-0.592639,0.0329019
514,12.8579,-0.595558,0.0348528
1842,12.859,-0.5868,0.0264635
2762,12.8628,-0.534246,-0.0226799
2245,12.8628,-0.557603,-0.00182211
2523,12.8652,-0.510889,-0.0435396
2166,12.8616,-0.595558,0.0339452
1898,12.8655,-0.58096,0.0194288
2408,12.87,-0.487531,-0.0640809
1849,12.8666,-0.5868,0.0249991
2176,12.8662,-0.595558,0.0329108
1729,12.8676,-0.592639,0.0300693
2183,12.8719,-0.595558,0.0317842
2279,12.8773,-0.464174,-0.084256
1838,12.8752,-0.592639,0.0287148
516,12.8755,-0.598478,0.0339755
2904,12.8829,-0.427901,-0.113204
1877,12.8807,-0.58096,0.0164468
2264,12.8871,-0.440817,-0.103947
2109,12.882,-0.598478,0.0325247
1837,12.8829,-0.592639,0.027336
2191,12.8834,-0.595558,0.0297434
2112,12.8858,-0.598478,0.0317769
1843,12.8905,-0.592639,0.0259305
508,12.8922,-0.601398,0.0333456
2239,12.8945,-0.569282,0.00319499
2104,12.895,-0.601398,0.032724
1868,12.897,-0.5868,0.0190501
1850,12.8981,-0.592639,0.0245002
2192,12.8992,-0.598478,0.0294176
2108,12.8997,-0.601398,0.031766
2114,12.9054,-0.601398,0.0307148
2201,12.9068,-0.598478,0.0281068
2116,12.9073,-0.601398,0.0303815
506,12.9099,-0.604317,0.0325253
1885,12.9112,-0.58096,0.0107972
1874,12.9121,-0.5868,0.0161209
1954,12.9136,-0.604317,0.0317525
2205,12.9144,-0.598478,0.0267671
2118,12.9149,-0.601398,0.0290917
1968,12.9212,-0.604317,0.0303574
2203,12.9221,-0.598478,0.0253976
2243,12.9253,-0.569282,-0.00190785
1879,12.9273,-0.5868,0.0132914
501,12.9275,-0.607237,0.0317376
1869,12.9285,-0.592639,0.0186715
2208,12.9297,-0.598478,0.0240013
2026,12.9307,-0.604317,0.0287658
1958,12.9332,-0.607237,0.0306627
2017,12.9384,-0.604317,0.0274988
1972,12.9389,-0.607237,0.02968
1882,12.9426,-0.5868,0.0105666
1875,12.9436,-0.592639,0.0157949
5662,12.9455,-0.610157,0.0309236
2022,12.946,-0.604317,0.0261981
1979,12.9465,-0.607237,0.0284399
499,12.9471,-0.610157,0.03063
491,12.949,-0.610157,0.0302913
1822,12.9509,-0.610157,0.0299626
1815,12.9528,-0.610157,0.0296425
2013,12.9542,-0.607237,0.0271949
1888,12.9578,-0.5868,0.00793131
1880,12.9588,-0.592639,0.0130146
2218,12.96,-0.598478,0.0182928
2023,12.9612,-0.604317,0.0235024
2015,12.9618,-0.607237,0.0259137
1980,12.9623,-0.610157,0.028114
5645,12.9637,-0.613076,0.0301061
492,12.9648,-0.613076,0.0299199
5644,12.9681,-0.613782,0.0299085
1810,12.9686,-0.613076,0.029285
2002,12.9699,-0.610157,0.0268909
1883,12.974,-0.592639,0.010336
2219,12.9751,-0.598478,0.0154689
2007,12.9776,-0.610157,0.0256292
1987,12.9781,-0.613076,0.0277881
494,12.9825,-0.615996,0.029234
2247,12.9868,-0.557603,-0.0220627
2650,12.9881,-0.534246,-0.0424161
2005,12.9852,-0.610157,0.0243318
1908,12.9879,-0.58096,-0.0019936
2521,12.9918,-0.510889,-0.0626313
2221,12.9902,-0.598478,0.0127379
2031,12.9914,-0.604317,0.0179141
2011,12.9927,-0.610157,0.0230035
2409,12.9979,-0.487531,-0.0826012
1995,12.9977,-0.615996,0.0268782
2263,13.0065,-0.464174,-0.102169
1994,13.0015,-0.615996,0.0262829
2223,13.0054,-0.598478,0.0101054
2010,13.0078,-0.610157,0.020285
1608,13.0091,-0.615996,0.0250603
483,13.0097,-0.618916,0.0271363
2265,13.0175,-0.440817,-0.121256
2905,13.0231,-0.421293,-0.136138
1603,13.0167,-0.615996,0.0237988
1893,13.0191,-0.5868,-0.00203648
2225,13.0206,-0.598478,0.00755619
2034,13.0217,-0.604317,0.0124612
2024,13.0229,-0.610157,0.0175355
1616,13.0243,-0.615996,0.0225046
3132,13.0293,-0.621835,0.026249
3135,13.0331,-0.621835,0.0256749
1612,13.0394,-0.615996,0.0198491
1894,13.0504,-0.592639,-0.00207935
2038,13.052,-0.604317,0.00736863
2027,13.0531,-0.610157,0.0121844
1653,13.0544,-0.615996,0.0171568
547,13.0609,-0.627675,0.0256198
3146,13.0647,-0.627675,0.0250669
3141,13.0722,-0.627675,0.0239224
5961,13.0789,-0.629717,0.0254468
3128,13.0798,-0.627675,0.022733
2029,13.0834,-0.610157,0.00718108
1647,13.0845,-0.615996,0.0119077
3130,13.0873,-0.627675,0.0215068
1620,13.1024,-0.627675,0.0189773
2248,13.111,-0.557603,-0.0412925
2649,13.1135,-0.534246,-0.0611818
2039,13.1129,-0.604317,-0.0021651
2522,13.1185,-0.510889,-0.0809463
1649,13.1148,-0.615996,0.00699352
1624,13.1174,-0.627675,0.0163994
2402,13.1259,-0.487531,-0.100391
2272,13.1357,-0.464174,-0.119412
1638,13.1324,-0.627675,0.013839
2270,13.148,-0.440817,-0.137969
1641,13.1462,-0.621835,0.00680596
1637,13.1474,-0.627675,0.0113542
2906,13.1608,-0.414186,-0.158042
1643,13.1625,-0.627675,0.00895233
1656,13.1755,-0.615996,-0.00225085
1642,13.1776,-0.627675,0.00661841
5966,13.1878,-0.640387,0.0224592
5965,13.1976,-0.641347,0.0221903
1658,13.2078,-0.627675,0.00209468
5970,13.2171,-0.643254,0.0216563
5969,13.2294,-0.644458,0.0213192
1917,13.2339,-0.58096,-0.0401689
2645,13.2391,-0.534246,-0.0792915
1657,13.238,-0.627675,-0.00233659
2516,13.2453,-0.510889,-0.0986135
2907,13.2525,-0.409319,-0.172227
5968,13.2471,-0.646179,0.0208373
2406,13.2539,-0.487531,-0.117568
2269,13.265,-0.464174,-0.136094
5967,13.2622,-0.647651,0.0204253
2271,13.2786,-0.440817,-0.15417
5972,13.2778,-0.649179,0.0199973
5971,13.2865,-0.650021,0.0197616
1914,13.2953,-0.592639,-0.0396071
5974,13.2936,-0.650712,0.0195681
5973,13.303,-0.65163,0.0193111
5963,13.3199,-0.653268,0.0188524
5982,13.326,-0.653855,0.018688
2041,13.3568,-0.604317,-0.0390453
5979,13.3547,-0.656643,0.0179074
2246,13.3597,-0.557603,-0.0776366
2519,13.3722,-0.510889,-0.115724
5983,13.3727,-0.658385,0.0174198
2405,13.3821,-0.487531,-0.13422
2909,13.3923,-0.402019,-0.193087
2268,13.3944,-0.464174,-0.152289
5977,13.3912,-0.660166,0.016921
5988,13.3947,-0.660508,0.0168251
2908,13.4092,-0.440817,-0.169931
1669,13.4182,-0.615996,-0.0384836
5985,13.4295,-0.663857,0.0158874
5989,13.4494,-0.665773,0.0153511
5975,13.4698,-0.667738,0.0148008
655,13.4753,-0.668242,0.0146141
1912,13.4803,-0.58096,-0.0759818
1670,13.4797,-0.627675,-0.0379218
649,13.4826,-0.668242,0.0132911
2644,13.4904,-0.534246,-0.113879
647,13.4909,-0.668242,0.0120169
3309,13.5019,-0.668242,0.0104334
2403,13.5103,-0.487531,-0.150407
3305,13.5093,-0.668242,0.00933207
5996,13.5107,-0.671655,0.013704
3306,13.5203,-0.668242,0.0075922
3294,13.5276,-0.668242,0.00638552
2912,13.5373,-0.394963,-0.213703
2266,13.5399,-0.440817,-0.185301
5998,13.5318,-0.673676,0.0131382
1913,13.5405,-0.592639,-0.0751543
6000,13.5535,-0.675749,0.0125578
3293,13.5568,-0.668242,0.00136091
2910,13.5791,-0.394103,-0.218824
3298,13.5714,-0.668242,-0.00115621
6002,13.5758,-0.677876,0.0119622
3297,13.586,-0.668242,-0.0035967
1922,13.6008,-0.604317,-0.0743269
6004,13.5987,-0.68006,0.0113508
2252,13.6086,-0.557603,-0.112035
2517,13.6261,-0.510889,-0.148525
6006,13.6222,-0.682302,0.0107231
2267,13.6533,-0.464174,-0.183427
6008,13.6464,-0.684604,0.0100784
6010,13.6713,-0.686969,0.00941617
2911,13.6914,-0.388497,-0.234379
6009,13.6986,-0.689556,0.00869169
2045,13.7214,-0.627675,-0.0726721
1937,13.7269,-0.58096,-0.110191
6012,13.7232,-0.691895,0.00803681
2646,13.742,-0.534246,-0.146644
2404,13.7668,-0.487531,-0.181552
6011,13.76,-0.695374,0.00706281
6014,13.7782,-0.697097,0.00658028
1920,13.786,-0.592639,-0.109269
2256,13.8013,-0.440817,-0.215042
2913,13.8051,-0.384656,-0.248787
6013,13.826,-0.701617,0.00531466
2914,13.8454,-0.394103,-0.247607
1921,13.8451,-0.604317,-0.108347
2249,13.8578,-0.557603,-0.144762
2518,13.8803,-0.510889,-0.179677
2043,13.9042,-0.615996,-0.107425
674,13.9024,-0.708809,0.0032616
2255,13.9124,-0.464174,-0.213152
671,13.9076,-0.708809,0.00168761
2946,13.9188,-0.381626,-0.262555
668,13.9111,-0.708809,0.000773032
3325,13.9199,-0.708809,-0.0011325
3316,13.9288,-0.708809,-0.0026494
3314,13.9323,-0.708809,-0.00319088
3312,13.943,-0.708809,-0.00475306
3311,13.9466,-0.708809,-0.00528844
3307,13.9537,-0.708809,-0.00639676
6033,13.9551,-0.713774,0.00191077
2044,13.9633,-0.627675,-0.106503
3302,13.9608,-0.708809,-0.00754857
3301,13.9679,-0.708809,-0.0087358
1924,13.9737,-0.58096,-0.14288
6019,13.9683,-0.71502,0.00156196
2947,13.9831,-0.380247,-0.270077
2647,13.9937,-0.534246,-0.177802
3303,13.9962,-0.708809,-0.0136776
3300,14.0103,-0.708809,-0.0161514
2262,14.0235,-0.487531,-0.211261
3299,14.0245,-0.708809,-0.0185476
6022,14.0319,-0.720994,-0.000110858
3296,14.0387,-0.708809,-0.0208578
6021,14.0438,-0.722111,-0.00042352
3295,14.0529,-0.708809,-0.0230966
2257,14.0629,-0.440817,-0.243661
3335,14.0671,-0.708809,-0.0252794
3292,14.0814,-0.708809,-0.027421
1926,14.0895,-0.604317,-0.140999
2251,14.1072,-0.557603,-0.175927
6018,14.1046,-0.727809,-0.00201918
3290,14.1098,-0.708809,-0.0316413
6017,14.1241,-0.729641,-0.00253197
2508,14.1346,-0.510889,-0.20937
2258,14.1716,-0.464174,-0.241688
6026,14.1809,-0.734956,-0.00402012
2944,14.1982,-0.377158,-0.294151
2049,14.2054,-0.627675,-0.139117
2945,14.2126,-0.377027,-0.295708
6025,14.209,-0.73759,-0.00475762
1934,14.2207,-0.58096,-0.174053
2515,14.2457,-0.534246,-0.207479
6024,14.2605,-0.742403,-0.00610544
2509,14.2804,-0.487531,-0.239716
1930,14.3342,-0.604317,-0.172178
3291,14.3374,-0.708809,-0.0653011
682,14.3448,-0.749376,-0.0119675
6023,14.3462,-0.750408,-0.00834667
2250,14.3568,-0.557603,-0.205589
3358,14.3516,-0.749376,-0.0140104
2942,14.3831,-0.376098,-0.313728
3343,14.3738,-0.749376,-0.0183987
2514,14.3891,-0.510889,-0.237743
3348,14.391,-0.749376,-0.0210054
3349,14.4013,-0.749376,-0.0226893
3332,14.4081,-0.749376,-0.0238571
3331,14.4356,-0.749376,-0.0287162
2053,14.4476,-0.627675,-0.170303
3338,14.4493,-0.749376,-0.0311466
1928,14.4679,-0.58096,-0.203698
3337,14.463,-0.749376,-0.0334985
3333,14.4768,-0.749376,-0.0357628
2759,14.4978,-0.534246,-0.23577
2943,14.5067,-0.376048,-0.326369
2941,14.5118,-0.376056,-0.326883
6032,14.5274,-0.76731,-0.0130793
2259,14.5373,-0.487531,-0.267056
3287,14.5652,-0.708809,-0.0979201
2051,14.5688,-0.627675,-0.185312
1929,14.579,-0.604317,-0.201807
2761,14.6065,-0.557603,-0.233797
6030,14.6051,-0.774543,-0.0151046
6029,14.6808,-0.781582,-0.0170755
1943,14.6901,-0.627675,-0.199916
1957,14.7153,-0.58096,-0.231824
2513,14.7501,-0.534246,-0.262759
2511,14.7944,-0.487531,-0.293401
3410,14.7888,-0.789943,-0.0277503
3289,14.7931,-0.708809,-0.129576
3402,14.7962,-0.789943,-0.0298953
3400,14.7979,-0.789943,-0.0303042
3396,14.7995,-0.789943,-0.0306918
3394,14.8012,-0.789943,-0.0310597
3388,14.8028,-0.789943,-0.0314093
3386,14.8045,-0.789943,-0.0317422
1941,14.8114,-0.627675,-0.214107
3382,14.8061,-0.789943,-0.0320601
3380,14.8078,-0.789943,-0.0323643
3372,14.8094,-0.789943,-0.0326565
3369,14.8111,-0.789943,-0.0329381
3366,14.8119,-0.789943,-0.0330755
1939,14.824,-0.604317,-0.229852
3431,14.8186,-0.789943,-0.034117
3356,14.8219,-0.789943,-0.0346194
3354,14.8285,-0.789943,-0.0356438
3353,14.8318,-0.789943,-0.0361741
3350,14.8351,-0.789943,-0.0367159
3345,14.8418,-0.789943,-0.0378301
3344,14.8484,-0.789943,-0.0389784
2940,14.8612,-0.377982,-0.361192
3346,14.875,-0.789943,-0.0437547
3341,14.8883,-0.789943,-0.0461417
2915,14.9113,-0.394103,-0.357
3340,14.9016,-0.789943,-0.0484495
3339,14.9149,-0.789943,-0.0506678
1940,14.9327,-0.627675,-0.227879
3336,14.9282,-0.789943,-0.0528117
3334,14.9416,-0.789943,-0.0548962
3330,14.9549,-0.789943,-0.0569366
1945,14.9628,-0.58096,-0.258461
3329,14.9816,-0.789943,-0.060946
2510,15.0025,-0.534246,-0.288529
3288,15.0212,-0.708809,-0.160062
316,15.0541,-0.627675,-0.241231
2917,15.0713,-0.379983,-0.381171
2916,15.1101,-0.440817,-0.350251
2918,15.1779,-0.394103,-0.383544
317,15.1756,-0.627675,-0.254163
342,15.1952,-0.789943,-0.0926804
2939,15.2114,-0.381428,-0.394357
1951,15.2105,-0.58096,-0.283657
3479,15.2218,-0.83051,-0.0391875
3476,15.228,-0.83051,-0.0418408
3473,15.2296,-0.83051,-0.0424258
3472,15.2312,-0.83051,-0.0429794
3475,15.2328,-0.83051,-0.0435031
3426,15.236,-0.83051,-0.0444669
3463,15.2399,-0.83051,-0.0455308
3447,15.2431,-0.83051,-0.0462843
332,15.2494,-0.708809,-0.18922
3457,15.2447,-0.83051,-0.0466326
3456,15.2455,-0.83051,-0.0468004
3449,15.2463,-0.83051,-0.0469641
3428,15.2495,-0.83051,-0.0475827
3441,15.2511,-0.83051,-0.0478729
3440,15.2519,-0.83051,-0.0480139
3437,15.2527,-0.83051,-0.0481524
3430,15.2551,-0.83051,-0.0485549
3429,15.2567,-0.83051,-0.0488143
3418,15.2599,-0.83051,-0.0493186
3423,15.2663,-0.83051,-0.0503123
3422,15.2695,-0.83051,-0.0508215
3421,15.2727,-0.83051,-0.0513429
3420,15.2759,-0.83051,-0.0518755
3419,15.2823,-0.83051,-0.0529709
3413,15.2887,-0.83051,-0.0540998
304,15.297,-0.627675,-0.266679
2261,15.3088,-0.487531,-0.343503
3415,15.3272,-0.83051,-0.0611369
3416,15.353,-0.83051,-0.0655729
326,15.3636,-0.708809,-0.203264
3000,15.372,-0.440817,-0.37549
2919,15.3895,-0.383205,-0.411087
335,15.409,-0.789943,-0.123168
305,15.4186,-0.627675,-0.278784
2920,15.4444,-0.394103,-0.409915
327,15.4779,-0.708809,-0.21694
2938,15.495,-0.384196,-0.420989
23,15.5076,-0.534246,-0.336754
308,15.5401,-0.627675,-0.290485
2921,15.5519,-0.384709,-0.426325
322,15.5922,-0.708809,-0.230241
336,15.6229,-0.789943,-0.152649
2260,15.6339,-0.440817,-0.400323
309,15.6617,-0.627675,-0.30179
2930,15.6567,-0.871076,-0.0498122
350,15.6578,-0.871076,-0.0506095
354,15.6589,-0.871076,-0.0513992
360,15.6615,-0.871076,-0.0529433
369,15.6674,-0.871076,-0.0558031
370,15.6689,-0.871076,-0.0564523
365,15.6704,-0.871076,-0.0570698
2937,15.6839,-0.385836,-0.438719
374,15.6735,-0.871076,-0.0582085
375,15.6751,-0.871076,-0.0587321
378,15.6766,-0.871076,-0.0592271
379,15.6782,-0.871076,-0.0596952
387,15.6797,-0.871076,-0.0601378
3471,15.682,-0.871076,-0.0607575
3468,15.6836,-0.871076,-0.0611432
3466,15.6851,-0.871076,-0.0615088
3460,15.6866,-0.871076,-0.0618559
3458,15.6882,-0.871076,-0.062186
3454,15.6897,-0.871076,-0.0625006
3452,15.6912,-0.871076,-0.0628012
3444,15.6928,-0.871076,-0.0630894
3442,15.6943,-0.871076,-0.0633666
3439,15.6951,-0.871076,-0.0635016
29,15.7063,-0.58096,-0.330005
3438,15.6966,-0.871076,-0.0637654
2923,15.7109,-0.394103,-0.43615
3435,15.6981,-0.871076,-0.0640221
323,15.7065,-0.708809,-0.243163
3434,15.7012,-0.871076,-0.0645203
3424,15.7043,-0.871076,-0.0650085
429,15.7074,-0.871076,-0.0654988
432,15.7104,-0.871076,-0.0659992
433,15.7135,-0.871076,-0.0665116
437,15.7166,-0.871076,-0.0670351
438,15.7227,-0.871076,-0.0681117
345,15.7289,-0.871076,-0.0692211
346,15.7538,-0.871076,-0.0738318
445,15.7662,-0.871076,-0.0761321
301,15.7834,-0.627675,-0.312711
448,15.7787,-0.871076,-0.0783513
2924,15.7955,-0.386714,-0.449208
449,15.7911,-0.871076,-0.0804779
453,15.8036,-0.871076,-0.0825267
19,15.8234,-0.487531,-0.390732
454,15.816,-0.871076,-0.0845131
457,15.8285,-0.871076,-0.0864523
37,15.8442,-0.394103,-0.449224
339,15.837,-0.789943,-0.181006
462,15.8534,-0.871076,-0.0902508
36,15.8959,-0.440817,-0.424804
28,15.905,-0.627675,-0.323256
2926,15.9173,-0.387586,-0.460671
391,15.9038,-0.89136,-0.068566
392,15.9053,-0.89136,-0.068941
24,15.9182,-0.510889,-0.385936
395,15.9068,-0.89136,-0.0692966
400,15.9083,-0.89136,-0.0696343
406,15.9114,-0.89136,-0.0702622
409,15.9129,-0.89136,-0.0705555
412,15.9144,-0.89136,-0.070837
418,15.9174,-0.89136,-0.0713707
421,15.9189,-0.89136,-0.071626
424,15.9249,-0.89136,-0.0726057
33,15.9515,-0.387814,-0.463892
463,15.9531,-0.871076,-0.105359
32,15.9775,-0.394103,-0.462272
716,16,-0.388118,-0.468469
715,16,-0.392004,-0.465885
5048,16,-0.394103,-0.46447
5121,16,-0.399935,-0.460612
723,16,-0.415403,-0.450715
720,16,-0.433946,-0.438735
719,16,-0.440817,-0.43444
733,16,-0.457111,-0.424512
4374,16,-0.462569,-0.421182
703,16,-0.467116,-0.418417
702,16,-0.487531,-0.406322
710,16,-0.49914,-0.399779
4632,16,-0.510889,-0.392942
707,16,-0.531049,-0.381797
734,16,-0.536221,-0.378978
4880,16,-0.563871,-0.363909
106,15.9889,-0.901502,-0.0612671
712,16,-0.58096,-0.354596
711,16,-0.612762,-0.338673
105,15.9901,-0.901502,-0.0608847
4073,16,-0.627675,-0.331202
5406,16,-0.638413,-0.324575
984,16,-0.651935,-0.315847
996,16,-0.65388,-0.314517
995,16,-0.665192,-0.306902
992,16,-0.668167,-0.304787
109,15.9914,-0.901502,-0.0605155
991,16,-0.678192,-0.297743
998,16,-0.682156,-0.294816
997,16,-0.690943,-0.288376
988,16,-0.695855,-0.284609
987,16,-0.703451,-0.278805
1004,16,-0.709274,-0.274173
112,15.9927,-0.901502,-0.0601604
1003,16,-0.715724,-0.26904
1000,16,-0.722419,-0.263516
999,16,-0.727767,-0.259089
1153,16,-0.735837,-0.252164
5605,16,-0.739587,-0.248961
1006,16,-0.744542,-0.244577
1005,16,-0.75119,-0.238668
1014,16,-0.757939,-0.232495
115,15.9942,-0.901502,-0.0598206
1013,16,-0.762582,-0.228222
1010,16,-0.771054,-0.22022
1009,16,-0.773769,-0.217637
1016,16,-0.783894,-0.207773
1152,16,-0.789943,-0.201645
118,15.9956,-0.901502,-0.0594969
5532,16,-0.806151,-0.185191
1023,16,-0.811419,-0.179608
1022,16,-0.82681,-0.163134
1019,16,-0.838514,-0.150115
1018,16,-0.84677,-0.140852
1026,16,-0.864401,-0.120316
704,16.0116,-0.464174,-0.419131
1025,16,-0.866065,-0.118368
1151,16,-0.871076,-0.112257
5600,16,-0.875472,-0.106896
1145,16,-0.884719,-0.0951784
1149,16,-0.887005,-0.092247
1140,16,-0.888145,-0.0907436
1143,16,-0.890417,-0.087584
1131,16,-0.89155,-0.0858969
1135,16,-0.892128,-0.0849811
1128,16,-0.893205,-0.0832661
5604,16,-0.893811,-0.0822595
1029,16,-0.895122,-0.0800617
1112,16,-0.898175,-0.0753204
5603,16,-0.898266,-0.0751925
780,16,-0.900299,-0.0567249
1074,16,-0.900188,-0.0718793
1082,16,-0.900247,-0.0717285
784,16,-0.901472,-0.0586206
1069,16,-0.901604,-0.0670955
5602,16,-0.901705,-0.0666236
1040,16,-0.901805,-0.0661284
1046,16,-0.902318,-0.0631454
1036,16,-0.902505,-0.0617224
806,16.0028,-0.901502,-0.0591902
803,16.0044,-0.901502,-0.0594969
800,16.0058,-0.901502,-0.0598206
797,16.0073,-0.901502,-0.0601604
718,16.0225,-0.394103,-0.462272
794,16.0086,-0.901502,-0.0605155
791,16.0099,-0.901502,-0.0608847
790,16.0111,-0.901502,-0.0612671
717,16.0485,-0.387814,-0.463892
1147,16.0469,-0.871076,-0.105359
5046,16.0827,-0.387586,-0.460671
708,16.0818,-0.510889,-0.385936
1109,16.0751,-0.89136,-0.0726057
1106,16.0811,-0.89136,-0.071626
1103,16.0826,-0.89136,-0.0713707
714,16.095,-0.627675,-0.323256
1097,16.0856,-0.89136,-0.070837
1094,16.0871,-0.89136,-0.0705555
1091,16.0886,-0.89136,-0.0702622
1088,16.0902,-0.89136,-0.0699557
722,16.1041,-0.440817,-0.424804
1085,16.0917,-0.89136,-0.0696343
1080,16.0932,-0.89136,-0.0692966
1076,16.0947,-0.89136,-0.068941
1077,16.0962,-0.89136,-0.068566
721,16.1558,-0.394103,-0.449224
1148,16.1466,-0.871076,-0.0902508
1024,16.163,-0.789943,-0.181006
705,16.1766,-0.487531,-0.390732
1142,16.1715,-0.871076,-0.0864523
5044,16.1858,-0.386853,-0.450963
1138,16.184,-0.871076,-0.0845131
5045,16.2045,-0.386714,-0.449208
5385,16.1933,-0.881218,-0.0492584
5384,16.194,-0.881218,-0.0492632
1139,16.1964,-0.871076,-0.0825267
986,16.2166,-0.627675,-0.312711
1133,16.2089,-0.871076,-0.0804779
1134,16.2213,-0.871076,-0.0783513
1130,16.2338,-0.871076,-0.0761321
1030,16.2462,-0.871076,-0.0738318
5367,16.2531,-0.876147,-0.0474638
1031,16.2711,-0.871076,-0.0692211
5041,16.2891,-0.394103,-0.43615
1122,16.2773,-0.871076,-0.0681117
1123,16.2834,-0.871076,-0.0670351
713,16.2937,-0.58096,-0.330005
1117,16.2865,-0.871076,-0.0665116
1007,16.2935,-0.708809,-0.243163
1118,16.2896,-0.871076,-0.0659992
1114,16.2926,-0.871076,-0.0654988
5544,16.2957,-0.871076,-0.0650085
5555,16.2988,-0.871076,-0.0645203
5554,16.3019,-0.871076,-0.0640221
5057,16.3161,-0.385836,-0.438719
5558,16.3034,-0.871076,-0.0637654
5559,16.3049,-0.871076,-0.0635016
5563,16.3065,-0.871076,-0.0632293
5564,16.3072,-0.871076,-0.0630894
5565,16.308,-0.871076,-0.0629467
5572,16.3088,-0.871076,-0.0628012
5573,16.3095,-0.871076,-0.0626526
5574,16.3103,-0.871076,-0.0625006
5575,16.3111,-0.871076,-0.0623452
5578,16.3118,-0.871076,-0.062186
5579,16.3126,-0.871076,-0.062023
5580,16.3134,-0.871076,-0.0618559
5581,16.3141,-0.871076,-0.0616846
5586,16.3149,-0.871076,-0.0615088
5587,16.3157,-0.871076,-0.0613284
5588,16.3164,-0.871076,-0.0611432
5589,16.3172,-0.871076,-0.0609529
5591,16.318,-0.871076,-0.0607575
1072,16.3188,-0.871076,-0.0605566
1073,16.3203,-0.871076,-0.0601378
1063,16.3218,-0.871076,-0.0596952
1064,16.3234,-0.871076,-0.0592271
1059,16.3249,-0.871076,-0.0587321
1060,16.3265,-0.871076,-0.0582085
1050,16.328,-0.871076,-0.057655
1051,16.3296,-0.871076,-0.0570698
993,16.3383,-0.627675,-0.30179
1054,16.3311,-0.871076,-0.0564523
1055,16.3326,-0.871076,-0.0558031
1041,16.3341,-0.871076,-0.0551245
1042,16.3356,-0.871076,-0.0544195
1045,16.3385,-0.871076,-0.0529433
1038,16.3411,-0.871076,-0.0513992
1034,16.3422,-0.871076,-0.0506095
4381,16.3661,-0.440817,-0.400323
1020,16.3771,-0.789943,-0.152649
1008,16.4078,-0.708809,-0.230241
5043,16.4481,-0.384709,-0.426325
994,16.4599,-0.627675,-0.290485
709,16.4924,-0.534246,-0.336754
5058,16.505,-0.384196,-0.420989
1011,16.5221,-0.708809,-0.21694
5553,16.5194,-0.850793,-0.0569195
5552,16.5226,-0.850793,-0.0564182
5039,16.5556,-0.394103,-0.409915
989,16.5814,-0.627675,-0.278784
1021,16.591,-0.789943,-0.123168
5040,16.6105,-0.383205,-0.411087
5120,16.628,-0.440817,-0.37549
1012,16.6364,-0.708809,-0.203264
5536,16.647,-0.83051,-0.0655729
5535,16.6599,-0.83051,-0.0634004
5534,16.6728,-0.83051,-0.0611369
4380,16.6912,-0.487531,-0.343503
990,16.703,-0.627675,-0.266679
5533,16.7113,-0.83051,-0.0540998
5539,16.7177,-0.83051,-0.0529709
5541,16.7241,-0.83051,-0.0518755
5540,16.7273,-0.83051,-0.0513429
5543,16.7305,-0.83051,-0.0508215
5542,16.7337,-0.83051,-0.0503123
5538,16.7369,-0.83051,-0.049814
5537,16.7401,-0.83051,-0.0493186
5550,16.7433,-0.83051,-0.0488143
5549,16.7449,-0.83051,-0.0485549
1017,16.7505,-0.708809,-0.18922
5557,16.7465,-0.83051,-0.0482886
5556,16.7473,-0.83051,-0.0481524
5561,16.7481,-0.83051,-0.0480139
5560,16.7489,-0.83051,-0.0478729
5548,16.7497,-0.83051,-0.0477293
5547,16.7505,-0.83051,-0.0475827
5570,16.7521,-0.83051,-0.0472803
5569,16.7529,-0.83051,-0.0471241
5568,16.7537,-0.83051,-0.0469641
5577,16.7545,-0.83051,-0.0468004
5576,16.7553,-0.83051,-0.0466326
5566,16.7569,-0.83051,-0.0462843
5585,16.7577,-0.83051,-0.0461033
5584,16.7585,-0.83051,-0.0459175
5583,16.7593,-0.83051,-0.0457268
5582,16.7601,-0.83051,-0.0455308
5590,16.7608,-0.83051,-0.0453296
5546,16.7624,-0.83051,-0.0449101
5545,16.764,-0.83051,-0.0444669
5595,16.7656,-0.83051,-0.0439984
5594,16.7672,-0.83051,-0.0435031
5593,16.7688,-0.83051,-0.0429794
5592,16.7704,-0.83051,-0.0424258
5596,16.772,-0.83051,-0.0418408
5059,16.7887,-0.381428,-0.394357
5599,16.7782,-0.83051,-0.0391875
5598,16.7812,-0.83051,-0.0377041
4071,16.7895,-0.58096,-0.283657
5597,16.7839,-0.83051,-0.0361468
5053,16.785,-0.83051,-0.0342099
5052,16.7864,-0.83051,-0.034539
1027,16.8048,-0.789943,-0.0926804
5037,16.8221,-0.394103,-0.383544
1001,16.8244,-0.627675,-0.254163
5035,16.8899,-0.440817,-0.350251
5038,16.9287,-0.379983,-0.381171
1002,16.9459,-0.627675,-0.241231
5408,16.9788,-0.708809,-0.160062
4631,16.9975,-0.534246,-0.288529
5449,17.0184,-0.789943,-0.060946
4065,17.0372,-0.58096,-0.258461
5450,17.0451,-0.789943,-0.0569366
5454,17.0584,-0.789943,-0.0548962
4060,17.0673,-0.627675,-0.227879
5455,17.0718,-0.789943,-0.0528117
5036,17.0887,-0.394103,-0.357
5460,17.0851,-0.789943,-0.0506678
5459,17.0984,-0.789943,-0.0484495
5461,17.1117,-0.789943,-0.0461417
5466,17.125,-0.789943,-0.0437547
5060,17.1388,-0.377982,-0.361192
5465,17.1516,-0.789943,-0.0389784
5464,17.1582,-0.789943,-0.0378301
5470,17.1649,-0.789943,-0.0367159
5473,17.1682,-0.789943,-0.0361741
4061,17.176,-0.604317,-0.229852
5474,17.1715,-0.789943,-0.0356438
5475,17.1748,-0.789943,-0.0351259
5476,17.1781,-0.789943,-0.0346194
5551,17.1814,-0.789943,-0.034117
4059,17.1886,-0.627675,-0.214107
5485,17.1848,-0.789943,-0.0336065
5484,17.1864,-0.789943,-0.0333443
5486,17.1881,-0.789943,-0.0330755
5489,17.1889,-0.789943,-0.0329381
5491,17.1897,-0.789943,-0.0327985
5492,17.1906,-0.789943,-0.0326565
5500,17.1922,-0.789943,-0.0323643
5501,17.193,-0.789943,-0.0322138
5502,17.1939,-0.789943,-0.0320601
5503,17.1947,-0.789943,-0.031903
5506,17.1955,-0.789943,-0.0317422
5507,17.1963,-0.789943,-0.0315778
4630,17.2056,-0.487531,-0.293401
5508,17.1972,-0.789943,-0.0314093
5509,17.198,-0.789943,-0.0312367
5514,17.1988,-0.789943,-0.0310597
5515,17.1996,-0.789943,-0.0308781
5516,17.2005,-0.789943,-0.0306918
5517,17.2013,-0.789943,-0.0305006
5520,17.2021,-0.789943,-0.0303042
5521,17.2029,-0.789943,-0.0301025
5522,17.2038,-0.789943,-0.0298953
5409,17.2069,-0.708809,-0.129576
5523,17.2046,-0.789943,-0.0296824
5527,17.2062,-0.789943,-0.0292387
5528,17.2079,-0.789943,-0.0287698
5529,17.2095,-0.789943,-0.0282742
5530,17.2112,-0.789943,-0.0277503
5531,17.2128,-0.789943,-0.0271967
1361,17.2144,-0.789943,-0.0266117
1360,17.2161,-0.789943,-0.0259943
1359,17.2177,-0.789943,-0.0253446
1358,17.2193,-0.789943,-0.024664
1363,17.2208,-0.789943,-0.0239554
1362,17.2239,-0.789943,-0.0224649
1364,17.2268,-0.789943,-0.0208945
6457,17.2292,-0.789943,-0.0194164
4633,17.2499,-0.534246,-0.262759
4077,17.2847,-0.58096,-0.231824
4063,17.3099,-0.627675,-0.199916
4881,17.3935,-0.557603,-0.233797
4049,17.421,-0.604317,-0.201807
4171,17.4312,-0.627675,-0.185312
5407,17.4348,-0.708809,-0.0979201
4378,17.4627,-0.487531,-0.267056
5061,17.4882,-0.376056,-0.326883
5062,17.4933,-0.376048,-0.326369
4879,17.5022,-0.534246,-0.23577
5453,17.5232,-0.749376,-0.0357628
4050,17.5321,-0.58096,-0.203698
5458,17.537,-0.749376,-0.0334985
4173,17.5524,-0.627675,-0.170303
5457,17.5507,-0.749376,-0.0311466
5452,17.5644,-0.749376,-0.0287162
5451,17.5919,-0.749376,-0.0238571
5469,17.5987,-0.749376,-0.0226893
4634,17.6109,-0.510889,-0.237743
5468,17.6056,-0.749376,-0.0215564
5063,17.6169,-0.376098,-0.313728
5467,17.609,-0.749376,-0.0210054
5472,17.6125,-0.749376,-0.0204661
5471,17.6159,-0.749376,-0.0199395
5462,17.6262,-0.749376,-0.0183987
5481,17.6279,-0.749376,-0.0181338
5482,17.6305,-0.749376,-0.0177239
5479,17.6339,-0.749376,-0.0171458
4370,17.6432,-0.557603,-0.205589
5494,17.6408,-0.749376,-0.0158351
5512,17.6425,-0.749376,-0.0154661
5511,17.6433,-0.749376,-0.0152744
5510,17.6442,-0.749376,-0.0150776
5477,17.6484,-0.749376,-0.0140104
5525,17.6518,-0.749376,-0.0130452
1365,17.6552,-0.749376,-0.0119675
5411,17.6626,-0.708809,-0.0653011
4048,17.6658,-0.604317,-0.172178
4628,17.7196,-0.487531,-0.239716
4635,17.7543,-0.534246,-0.207479
4054,17.7793,-0.58096,-0.174053
5064,17.7874,-0.377027,-0.295708
4169,17.7946,-0.627675,-0.139117
5065,17.8018,-0.377158,-0.294151
4379,17.8284,-0.464174,-0.241688
4629,17.8654,-0.510889,-0.20937
4371,17.8928,-0.557603,-0.175927
5410,17.8902,-0.708809,-0.0316413
4046,17.9105,-0.604317,-0.140999
5412,17.9186,-0.708809,-0.027421
4375,17.9371,-0.440817,-0.243661
5456,17.9329,-0.708809,-0.0252794
5416,17.9471,-0.708809,-0.0230966
5415,17.9613,-0.708809,-0.0208578
4382,17.9765,-0.487531,-0.211261
5420,17.9755,-0.708809,-0.0185476
5419,17.9897,-0.708809,-0.0161514
4767,18.0063,-0.534246,-0.177802
5423,18.0038,-0.708809,-0.0136776
5067,18.0169,-0.380247,-0.270077
4044,18.0263,-0.58096,-0.14288
5422,18.0321,-0.708809,-0.0087358
4164,18.0367,-0.627675,-0.106503
5421,18.0392,-0.708809,-0.00754857
5427,18.0463,-0.708809,-0.00639676
5430,18.0499,-0.708809,-0.00583666
5431,18.0534,-0.708809,-0.00528844
5432,18.057,-0.708809,-0.00475306
5433,18.0605,-0.708809,-0.00423038
5434,18.0677,-0.708809,-0.00319088
5436,18.0712,-0.708809,-0.0026494
5490,18.0721,-0.708809,-0.00250966
5066,18.0812,-0.381626,-0.262555
5437,18.0739,-0.708809,-0.00222357
5441,18.0766,-0.708809,-0.00177501
5443,18.0783,-0.708809,-0.00146075
5444,18.0792,-0.708809,-0.00129847
5445,18.0801,-0.708809,-0.0011325
4377,18.0876,-0.464174,-0.213152
5448,18.0827,-0.708809,-0.000610494
1345,18.0845,-0.708809,-0.000240465
1348,18.0863,-0.708809,0.000148998
1351,18.0889,-0.708809,0.000773032
1353,18.0906,-0.708809,0.00121788
1354,18.0924,-0.708809,0.00168761
4165,18.0958,-0.615996,-0.107425
1356,18.0959,-0.708809,0.00270791
1357,18.0976,-0.708809,0.0032616
6465,18.1021,-0.708395,0.00341692
6446,18.1028,-0.708326,0.00343626
4638,18.1197,-0.510889,-0.179677
4369,18.1422,-0.557603,-0.144762
5033,18.1546,-0.394103,-0.247607
4041,18.1549,-0.604317,-0.108347
5034,18.1949,-0.384656,-0.248787
4376,18.1987,-0.440817,-0.215042
4042,18.214,-0.592639,-0.109269
4524,18.2332,-0.487531,-0.181552
4766,18.258,-0.534246,-0.146644
4057,18.2731,-0.58096,-0.110191
4163,18.2786,-0.627675,-0.0726721
5032,18.3086,-0.388497,-0.234379
4387,18.3467,-0.464174,-0.183427
4637,18.3739,-0.510889,-0.148525
4372,18.3914,-0.557603,-0.112035
4040,18.3992,-0.604317,-0.0743269
5418,18.414,-0.668242,-0.0035967
5030,18.4209,-0.394103,-0.218824
5417,18.4286,-0.668242,-0.00115621
5414,18.4432,-0.668242,0.00136091
4388,18.4601,-0.440817,-0.185301
5031,18.4627,-0.394963,-0.213703
4033,18.4595,-0.592639,-0.0751543
5413,18.4724,-0.668242,0.00638552
5426,18.4797,-0.668242,0.0075922
4523,18.4897,-0.487531,-0.150407
5425,18.487,-0.668242,0.00876283
5424,18.4907,-0.668242,0.00933207
5428,18.4981,-0.668242,0.0104334
4765,18.5096,-0.534246,-0.113879
1329,18.5091,-0.668242,0.0120169
6424,18.5091,-0.669758,0.0142353
1335,18.5128,-0.668242,0.0125637
1334,18.5146,-0.668242,0.0128476
4034,18.5197,-0.58096,-0.0759818
1331,18.5174,-0.668242,0.0132911
3789,18.5203,-0.627675,-0.0379218
1337,18.5247,-0.668242,0.0146141
6421,18.5299,-0.667762,0.0147942
3790,18.5818,-0.615996,-0.0384836
5029,18.5908,-0.440817,-0.169931
4386,18.6056,-0.464174,-0.152289
5028,18.6077,-0.402019,-0.193087
4525,18.6179,-0.487531,-0.13422
4639,18.6278,-0.510889,-0.115724
4366,18.6403,-0.557603,-0.0776366
4161,18.6432,-0.604317,-0.0390453
4032,18.7047,-0.592639,-0.0396071
4389,18.7214,-0.440817,-0.15417
4391,18.735,-0.464174,-0.136094
5027,18.7475,-0.409319,-0.172227
4526,18.7461,-0.487531,-0.117568
4636,18.7547,-0.510889,-0.0986135
4764,18.7609,-0.534246,-0.0792915
3777,18.762,-0.627675,-0.00233659
4037,18.7661,-0.58096,-0.0401689
3776,18.7922,-0.627675,0.00209468
3762,18.8224,-0.627675,0.00661841
3778,18.8245,-0.615996,-0.00225085
5026,18.8392,-0.414186,-0.158042
3761,18.8375,-0.627675,0.00895233
4390,18.852,-0.440817,-0.137969
3757,18.8526,-0.627675,0.0113542
3763,18.8538,-0.621835,0.00680596
4392,18.8643,-0.464174,-0.119412
3756,18.8676,-0.627675,0.013839
4522,18.8741,-0.487531,-0.100391
4642,18.8815,-0.510889,-0.0809463
3744,18.8826,-0.627675,0.0163994
4769,18.8865,-0.534246,-0.0611818
3758,18.884,-0.621835,0.011631
3769,18.8852,-0.615996,0.00699352
4159,18.8871,-0.604317,-0.0021651
4368,18.889,-0.557603,-0.0412925
3742,18.8976,-0.627675,0.0189773
5250,18.9127,-0.627675,0.0215068
3740,18.9141,-0.621835,0.0167781
3767,18.9155,-0.615996,0.0119077
4149,18.9166,-0.610157,0.00718108
5249,18.9202,-0.627675,0.022733
6392,18.9211,-0.629717,0.0254468
6391,18.9268,-0.629156,0.0256037
5261,18.9278,-0.627675,0.0239224
3733,18.9291,-0.621835,0.0194132
5264,18.9315,-0.627675,0.0245008
5266,18.9353,-0.627675,0.0250669
1229,18.9391,-0.627675,0.0256198
3732,18.9442,-0.621835,0.0220057
3773,18.9456,-0.615996,0.0171568
4147,18.9469,-0.610157,0.0121844
4158,18.948,-0.604317,0.00736863
5258,18.9473,-0.624755,0.0247948
4013,18.9496,-0.592639,-0.00207935
1230,18.9549,-0.624755,0.0259344
3717,18.9593,-0.621835,0.0244913
3734,18.9606,-0.615996,0.0198491
6213,18.9612,-0.624755,0.0268361
4156,18.9632,-0.604317,0.00987477
3719,18.9675,-0.618916,0.0235324
6218,18.9702,-0.623391,0.027218
5025,18.9769,-0.421293,-0.136138
1166,18.9745,-0.621835,0.0268105
3736,18.9757,-0.615996,0.0225046
4144,18.9771,-0.610157,0.0175355
4154,18.9783,-0.604317,0.0124612
4383,18.9825,-0.440817,-0.121256
4345,18.9794,-0.598478,0.00755619
4014,18.9809,-0.5868,-0.00203648
3724,18.9833,-0.615996,0.0237988
5252,18.9865,-0.618916,0.0265636
4385,18.9935,-0.464174,-0.102169
3729,18.9909,-0.615996,0.0250603
4130,18.9922,-0.610157,0.020285
4151,18.9935,-0.604317,0.0151429
4343,18.9946,-0.598478,0.0101054
4114,18.9985,-0.615996,0.0262829
4529,19.0021,-0.487531,-0.0826012
4113,19.0023,-0.615996,0.0268782
4641,19.0082,-0.510889,-0.0626313
3747,19.0061,-0.615996,0.0274622
4118,19.0067,-0.613076,0.0253447
4131,19.0073,-0.610157,0.0230035
4152,19.0086,-0.604317,0.0179141
4341,19.0098,-0.598478,0.0127379
4770,19.0119,-0.534246,-0.0424161
4008,19.0108,-0.592639,0.00774375
4028,19.0121,-0.58096,-0.0019936
4367,19.0132,-0.557603,-0.0220627
1228,19.0137,-0.615996,0.0286277
4115,19.0143,-0.613076,0.0265869
4125,19.0148,-0.610157,0.0243318
1227,19.0156,-0.615996,0.0289276
1176,19.0175,-0.615996,0.029234
4107,19.0219,-0.613076,0.0277881
4127,19.0224,-0.610157,0.0256292
4339,19.0249,-0.598478,0.0154689
4002,19.026,-0.592639,0.010336
3938,19.0295,-0.613076,0.0289785
4122,19.0301,-0.610157,0.0268909
3930,19.0314,-0.613076,0.029285
6073,19.0319,-0.613782,0.0299085
1177,19.0333,-0.613076,0.0295983
1174,19.0352,-0.613076,0.0299199
4099,19.0377,-0.610157,0.028114
4135,19.0382,-0.607237,0.0259137
4143,19.0388,-0.604317,0.0235024
4338,19.04,-0.598478,0.0182928
3999,19.0412,-0.592639,0.0130146
4009,19.0422,-0.5868,0.00793131
4024,19.0429,-0.58096,0.00297493
3945,19.0453,-0.610157,0.0293292
4133,19.0458,-0.607237,0.0271949
4140,19.0464,-0.604317,0.0248647
3935,19.0472,-0.610157,0.0296425
3942,19.0491,-0.610157,0.0299626
1175,19.051,-0.610157,0.0302913
1181,19.0529,-0.610157,0.03063
4100,19.0535,-0.607237,0.0284399
4142,19.054,-0.604317,0.0261981
3994,19.0564,-0.592639,0.0157949
4003,19.0574,-0.5868,0.0105666
4137,19.0616,-0.604317,0.0274988
4084,19.063,-0.607237,0.0299999
6090,19.064,-0.608613,0.0313558
4078,19.0668,-0.607237,0.0306627
1182,19.0687,-0.607237,0.0310087
4146,19.0693,-0.604317,0.0287658
4328,19.0703,-0.598478,0.0240013
3988,19.0715,-0.592639,0.0186715
4000,19.0727,-0.5868,0.0132914
1183,19.0725,-0.607237,0.0317376
4016,19.0735,-0.58096,0.00811886
4363,19.0747,-0.569282,-0.00190785
4319,19.0774,-0.601398,0.0278028
4323,19.0779,-0.598478,0.0253976
4088,19.0788,-0.604317,0.0303574
4096,19.0807,-0.604317,0.0306913
4080,19.0826,-0.604317,0.0310341
4103,19.0845,-0.604317,0.0313873
4238,19.0851,-0.601398,0.0290917
4325,19.0856,-0.598478,0.0267671
4074,19.0864,-0.604317,0.0317525
3995,19.0879,-0.5868,0.0161209
4005,19.0888,-0.58096,0.0107972
1184,19.0883,-0.604317,0.0321314
1188,19.0901,-0.604317,0.0325253
4236,19.0927,-0.601398,0.0303815
4321,19.0932,-0.598478,0.0281068
4234,19.0946,-0.601398,0.0307148
4233,19.0965,-0.601398,0.0310556
4228,19.1003,-0.601398,0.031766
4311,19.1008,-0.598478,0.0294176
4334,19.1013,-0.595558,0.0270515
3969,19.1019,-0.592639,0.0245002
4227,19.1022,-0.601398,0.0321386
3989,19.103,-0.5868,0.0190501
4012,19.1041,-0.58096,0.0135681
4225,19.1041,-0.601398,0.0325251
4359,19.1055,-0.569282,0.00319499
4224,19.105,-0.601398,0.032724
1189,19.1059,-0.601398,0.0329269
1190,19.1078,-0.601398,0.0333456
4239,19.1085,-0.598478,0.0307322
4330,19.109,-0.595558,0.0284108
4384,19.1129,-0.440817,-0.103947
3962,19.1095,-0.592639,0.0259305
4237,19.1123,-0.598478,0.0314199
5023,19.1171,-0.427901,-0.113204
4312,19.1166,-0.595558,0.0297434
3957,19.1171,-0.592639,0.027336
4229,19.118,-0.598478,0.0325247
3997,19.1193,-0.58096,0.0164468
4399,19.1227,-0.464174,-0.084256
6107,19.1193,-0.599497,0.0339082
4230,19.1198,-0.598478,0.0329188
4226,19.1217,-0.598478,0.0333285
1191,19.1236,-0.598478,0.0337552
4308,19.1243,-0.595558,0.031083
1198,19.1245,-0.598478,0.0339755
3956,19.1248,-0.592639,0.0287148
6135,19.1254,-0.598478,0.0341936
4305,19.1262,-0.595558,0.0314297
4528,19.13,-0.487531,-0.0640809
4300,19.13,-0.595558,0.0321482
4297,19.1319,-0.595558,0.0325233
3848,19.1324,-0.592639,0.0300693
4643,19.1348,-0.510889,-0.0435396
3958,19.1329,-0.589719,0.0276204
3970,19.1334,-0.5868,0.0249991
4296,19.1338,-0.595558,0.0329108
4018,19.1345,-0.58096,0.0194288
4882,19.1372,-0.534246,-0.0226799
4357,19.1363,-0.569282,0.00849398
4291,19.1356,-0.595558,0.0333126
4365,19.1372,-0.557603,-0.00182211
4288,19.1375,-0.595558,0.03373
3843,19.1401,-0.592639,0.0314337
1199,19.1403,-0.595558,0.0343891
3963,19.141,-0.5868,0.0264635
1196,19.1421,-0.595558,0.0348528
6131,19.1428,-0.595558,0.0350111
3835,19.1439,-0.592639,0.0321486
3830,19.1458,-0.592639,0.0325196
3819,19.1477,-0.592639,0.0329019
3849,19.1482,-0.589719,0.0303952
3965,19.1487,-0.5868,0.0279049
3975,19.1492,-0.58388,0.0252485
3817,19.1495,-0.592639,0.0332969
4355,19.1517,-0.569282,0.0112584
6136,19.1516,-0.594061,0.0354305
3804,19.1533,-0.592639,0.0341316
3844,19.1559,-0.589719,0.0317845
3783,19.1561,-0.592639,0.0348028
3780,19.157,-0.592639,0.0350362
3839,19.1578,-0.589719,0.0321446
6126,19.1584,-0.592916,0.0357511
3836,19.1597,-0.589719,0.0325129
1168,19.1598,-0.592639,0.0357681
3820,19.1635,-0.589719,0.0332806
3943,19.164,-0.5868,0.0307211
3973,19.1644,-0.58388,0.0281894
3984,19.1649,-0.58096,0.0254979
3818,19.1653,-0.589719,0.033683
4354,19.167,-0.569282,0.0141216
4362,19.1682,-0.557603,0.00341505
3810,19.1672,-0.589719,0.0341001
3805,19.1691,-0.589719,0.0345332
3788,19.1709,-0.589719,0.034984
3851,19.1717,-0.5868,0.0321352
3784,19.1719,-0.589719,0.0352165
6060,19.1721,-0.590572,0.0364074
3766,19.1746,-0.589719,0.0359449
3846,19.1755,-0.5868,0.0328772
1170,19.1765,-0.589719,0.0364581
3833,19.1774,-0.5868,0.0332624
3853,19.1792,-0.5868,0.0336592
3944,19.1798,-0.58388,0.031047
3980,19.1802,-0.58096,0.0284738
3821,19.1811,-0.5868,0.0340691
4352,19.1822,-0.569282,0.0170988
4360,19.1837,-0.557603,0.00610652
3823,19.183,-0.5868,0.0344938
3814,19.1849,-0.5868,0.0349348
3825,19.1867,-0.5868,0.0353936
3937,19.1874,-0.58388,0.032486
3793,19.1886,-0.5868,0.0358718
3929,19.1894,-0.58388,0.0328594
3799,19.1904,-0.5868,0.0363711
3925,19.1913,-0.58388,0.0332415
1171,19.1922,-0.5868,0.0368929
6068,19.193,-0.586992,0.0374096
1172,19.1941,-0.5868,0.0374389
3910,19.195,-0.58388,0.0340379
3992,19.1956,-0.58096,0.0313729
4640,19.1981,-0.510889,-0.0335967
4342,19.1965,-0.575121,0.0259968
3908,19.1969,-0.58388,0.0344552
4350,19.1975,-0.569282,0.0201861
4768,19.1992,-0.522567,-0.0229885
4361,19.1991,-0.557603,0.00886909
3904,19.1988,-0.58388,0.0348875
3902,19.2007,-0.58388,0.0353363
3947,19.2032,-0.58096,0.0328367
3894,19.2044,-0.58388,0.0362896
3890,19.2062,-0.58388,0.0367973
3941,19.207,-0.58096,0.0336058
5024,19.2112,-0.431747,-0.0975665
3888,19.208,-0.58388,0.0373278
3921,19.2089,-0.58096,0.0340052
1173,19.2098,-0.58388,0.0378825
3949,19.2108,-0.58096,0.0344165
6175,19.2111,-0.58388,0.0382811
4206,19.2114,-0.578041,0.0316988
4340,19.2118,-0.575121,0.0290428
3912,19.2127,-0.58096,0.0348413
4356,19.2145,-0.557603,0.0117197
3906,19.2164,-0.58096,0.0357379
3916,19.2183,-0.58096,0.0362128
4204,19.219,-0.578041,0.0331875
6081,19.2195,-0.582423,0.0386891
3898,19.2201,-0.58096,0.0367075
4202,19.2209,-0.578041,0.0335743
4201,19.2228,-0.578041,0.0339702
3892,19.2238,-0.58096,0.0377626
4199,19.2247,-0.578041,0.0343766
1180,19.2256,-0.58096,0.0383261
4218,19.2272,-0.575121,0.0320247
1179,19.2274,-0.58096,0.0389158
4346,19.228,-0.569282,0.0264957
4177,19.2285,-0.578041,0.0352274
4358,19.2299,-0.557603,0.014675
4883,19.2309,-0.545924,0.00363511
4175,19.2304,-0.578041,0.035675
4215,19.231,-0.575121,0.0327725
4174,19.2322,-0.578041,0.0361395
6103,19.2337,-0.579969,0.0393761
4168,19.2341,-0.578041,0.0366224
4207,19.2348,-0.575121,0.0335382
4203,19.2367,-0.575121,0.0339318
4162,19.2378,-0.578041,0.0376498
4160,19.2396,-0.578041,0.0381974
4396,19.2433,-0.440817,-0.0859109
4200,19.2405,-0.575121,0.034748
4153,19.2414,-0.578041,0.0387698
6102,19.2421,-0.578504,0.0397864
4194,19.2424,-0.575121,0.0351738
4344,19.2433,-0.569282,0.0296117
4353,19.2452,-0.557603,0.0177508
4887,19.2464,-0.545924,0.00640135
4180,19.2462,-0.575121,0.0360688
4216,19.2468,-0.572201,0.0331104
4398,19.2517,-0.464174,-0.0655305
4181,19.2499,-0.575121,0.037032
4213,19.2506,-0.572201,0.033889
5068,19.2545,-0.433309,-0.0903285
4170,19.2517,-0.575121,0.0375431
4211,19.2525,-0.572201,0.0342892
6098,19.2525,-0.57669,0.0402942
4172,19.2535,-0.575121,0.038076
4210,19.2544,-0.572201,0.0346988
4530,19.2577,-0.487531,-0.0446632
4166,19.2554,-0.575121,0.0386322
4155,19.2572,-0.575121,0.0392134
4195,19.2582,-0.572201,0.0355524
4314,19.2587,-0.569282,0.0326764
1185,19.259,-0.575121,0.039821
4348,19.2595,-0.563442,0.0269946
4649,19.2612,-0.510889,-0.0232971
4364,19.2604,-0.557603,0.0209435
4193,19.2601,-0.572201,0.0359996
1186,19.2607,-0.575121,0.0404566
4888,19.2619,-0.545924,0.00924421
4773,19.2623,-0.534246,-0.00165061
4191,19.2619,-0.572201,0.0364625
4217,19.2626,-0.569282,0.0334484
4190,19.2638,-0.572201,0.0369426
4187,19.2657,-0.572201,0.0374416
4220,19.2664,-0.569282,0.0342397
4212,19.2683,-0.569282,0.0346466
4183,19.2693,-0.572201,0.0385022
4214,19.2702,-0.569282,0.0350631
4182,19.2711,-0.572201,0.039067
4209,19.2721,-0.569282,0.0354907
4184,19.2729,-0.572201,0.039657
4221,19.274,-0.569282,0.0359311
4315,19.2745,-0.566362,0.0330023
4347,19.2749,-0.563442,0.0301806
4196,19.2759,-0.569282,0.0363857
4886,19.2773,-0.545924,0.0121809
4197,19.2777,-0.569282,0.0368562
4310,19.2784,-0.566362,0.0337863
6101,19.2801,-0.571853,0.0416486
4198,19.2814,-0.569282,0.0378512
4307,19.2822,-0.566362,0.0345905
4188,19.2833,-0.569282,0.0383787
4304,19.2841,-0.566362,0.0350041
6100,19.285,-0.571001,0.0418873
4189,19.2851,-0.569282,0.0389284
4302,19.286,-0.566362,0.0354274
4299,19.2879,-0.566362,0.0358621
4222,19.2887,-0.569282,0.0401006
4150,19.2896,-0.569282,0.0404099
4264,19.2898,-0.566362,0.0363097
4349,19.291,-0.557603,0.0274935
4145,19.2914,-0.569282,0.0410495
4890,19.2927,-0.545924,0.0152285
1187,19.2923,-0.569282,0.0413801
4778,19.2935,-0.534246,0.00385517
4261,19.2935,-0.566362,0.03725
4313,19.2942,-0.563442,0.0341243
1192,19.294,-0.569282,0.0420635
6122,19.2948,-0.569282,0.0423686
4260,19.2954,-0.566362,0.0377458
4257,19.2972,-0.566362,0.0382607
4316,19.298,-0.563442,0.0349412
4256,19.2991,-0.566362,0.0387965
4306,19.2999,-0.563442,0.0353615
4309,19.3018,-0.563442,0.0357918
4253,19.3027,-0.566362,0.0399366
4301,19.3037,-0.563442,0.0362335
6123,19.3044,-0.567584,0.0428439
4249,19.3045,-0.566362,0.0405442
4333,19.3061,-0.560523,0.0336541
4889,19.3081,-0.545924,0.0184027
5021,19.3109,-0.43512,-0.0808648
4779,19.3091,-0.534246,0.00669619
4266,19.3093,-0.563442,0.0376437
4329,19.31,-0.560523,0.0344622
4262,19.3112,-0.563442,0.0381473
4326,19.3138,-0.560523,0.035292
6118,19.3149,-0.565738,0.0433609
4255,19.3185,-0.563442,0.0403715
4527,19.3215,-0.487531,-0.034494
4250,19.3203,-0.563442,0.0409878
4647,19.3232,-0.49921,-0.0236057
4351,19.3219,-0.557603,0.03398
6117,19.3217,-0.564532,0.0436985
4894,19.3226,-0.551764,0.0279924
4891,19.3234,-0.545924,0.0217008
4772,19.3248,-0.522567,-0.00156486
4781,19.3247,-0.534246,0.00961932
4331,19.3257,-0.557603,0.0348001
5022,19.33,-0.435669,-0.0776572
1194,19.3273,-0.563442,0.0437387
6125,19.3279,-0.563442,0.0440036
4324,19.3315,-0.557603,0.0360764
4327,19.3334,-0.557603,0.0365204
4318,19.3353,-0.557603,0.0369763
4272,19.336,-0.560523,0.0414314
4337,19.3372,-0.557603,0.0374457
4294,19.339,-0.557603,0.0379301
6124,19.3393,-0.561413,0.0445719
4784,19.3402,-0.534246,0.0126421
4292,19.34,-0.557603,0.0381785
4950,19.3415,-0.554683,0.0351381
4295,19.3418,-0.557603,0.0386885
4285,19.3427,-0.557603,0.0389505
4283,19.3437,-0.557603,0.0392174
4284,19.3446,-0.557603,0.0394895
4951,19.3454,-0.554683,0.0359935
4298,19.3455,-0.557603,0.039767
4278,19.3464,-0.557603,0.0400499
4276,19.3473,-0.557603,0.0403386
4277,19.3482,-0.557603,0.0406333
4279,19.3491,-0.557603,0.040934
4270,19.3509,-0.557603,0.0415547
4271,19.3518,-0.557603,0.041875
4248,19.3527,-0.557603,0.0422022
4896,19.3535,-0.551764,0.0346318
4251,19.3536,-0.557603,0.0425365
4893,19.3541,-0.545924,0.0284913
4785,19.3556,-0.534246,0.015782
4771,19.3562,-0.522567,0.00407523
4252,19.3553,-0.557603,0.0432271
4243,19.3571,-0.557603,0.0439479
4949,19.3573,-0.551764,0.035476
6119,19.3573,-0.558224,0.0454648
1195,19.3588,-0.557603,0.0446999
1211,19.3605,-0.557603,0.0454841
4947,19.3612,-0.551764,0.0363442
4953,19.365,-0.551764,0.037249
4952,19.3669,-0.551764,0.0377191
4954,19.3687,-0.551764,0.038203
4959,19.3697,-0.551764,0.0384506
4787,19.371,-0.534246,0.0190547
4945,19.3706,-0.551764,0.0387023
4397,19.3735,-0.440817,-0.06698
4777,19.3718,-0.522567,0.00699102
4958,19.3715,-0.551764,0.0389583
4960,19.3725,-0.551764,0.0392187
4898,19.3731,-0.548844,0.035814
4956,19.3734,-0.551764,0.0394837
4961,19.3752,-0.551764,0.0400286
6173,19.3756,-0.554973,0.0463751
4963,19.3762,-0.551764,0.0403087
4955,19.3771,-0.551764,0.0405943
4967,19.378,-0.551764,0.0408856
4400,19.3806,-0.464174,-0.0457868
4968,19.3798,-0.551764,0.0414857
4965,19.3807,-0.551764,0.041795
4971,19.3816,-0.551764,0.0421107
4970,19.3825,-0.551764,0.042433
4972,19.3834,-0.551764,0.0427622
4534,19.3852,-0.487531,-0.0239143
4975,19.3843,-0.551764,0.0430983
4895,19.3851,-0.545924,0.0352835
4646,19.3865,-0.49921,-0.0127265
4944,19.3851,-0.551764,0.0434417
4788,19.3864,-0.534246,0.0224581
4648,19.3873,-0.510889,-0.00147911
4780,19.3874,-0.522567,0.00999443
4974,19.3869,-0.551764,0.0441506
4973,19.3886,-0.551764,0.0448901
4897,19.3889,-0.545924,0.0361519
4976,19.3903,-0.551764,0.045661
4903,19.3908,-0.545924,0.0365949
5019,19.3944,-0.437264,-0.0668425
4905,19.3927,-0.545924,0.0370457
6171,19.3942,-0.551655,0.0473042
4907,19.3946,-0.545924,0.0375062
6170,19.3951,-0.551507,0.0473454
4910,19.3984,-0.545924,0.0384619
4916,19.4022,-0.545924,0.0394745
4776,19.403,-0.522567,0.0131033
4957,19.4031,-0.545924,0.0397381
5020,19.4071,-0.437529,-0.0647168
4920,19.405,-0.545924,0.040279
4923,19.4068,-0.545924,0.0408397
4928,19.4086,-0.545924,0.0414217
4931,19.4105,-0.545924,0.0420266
4964,19.4123,-0.545924,0.042656
6169,19.4132,-0.548278,0.0482497
4969,19.414,-0.545924,0.0433114
4885,19.4166,-0.540085,0.0359353
4939,19.4167,-0.545924,0.0443469
4783,19.4185,-0.522567,0.0163355
4654,19.4188,-0.510889,0.0042953
4942,19.4201,-0.545924,0.0458322
4892,19.4205,-0.540085,0.0368278
4902,19.4224,-0.540085,0.0372834
4904,19.4243,-0.540085,0.0377472
1210,19.4252,-0.545924,0.0483013
4901,19.4262,-0.540085,0.038221
6168,19.4263,-0.545924,0.0489086
4908,19.4281,-0.540085,0.0387063
4906,19.43,-0.540085,0.0392046
4911,19.4319,-0.540085,0.0397176
4782,19.4339,-0.522567,0.0197067
4655,19.4346,-0.510889,0.00728585
4900,19.4338,-0.540085,0.0402467
4915,19.4356,-0.540085,0.0407936
5017,19.4385,-0.440817,-0.0571107
4919,19.4366,-0.540085,0.0410743
4914,19.4375,-0.540085,0.0413599
4918,19.4393,-0.540085,0.0419471
4913,19.4411,-0.540085,0.0425568
6162,19.4414,-0.543232,0.0496626
4926,19.4429,-0.540085,0.0431906
4395,19.445,-0.464174,-0.0353913
4925,19.4447,-0.540085,0.04385
4933,19.4465,-0.540085,0.0445366
4533,19.4488,-0.487531,-0.0128608
4884,19.4482,-0.534246,0.0365871
4650,19.4499,-0.49921,-0.00139336
4786,19.4494,-0.522567,0.0232155
4657,19.4502,-0.510889,0.0103695
5018,19.4541,-0.438359,-0.0568353
4937,19.4517,-0.540085,0.0467744
4841,19.4521,-0.534246,0.0375037
6167,19.4519,-0.541341,0.050192
4842,19.454,-0.534246,0.0379719
4936,19.455,-0.540085,0.0484252
4844,19.4559,-0.534246,0.0384488
4846,19.4578,-0.534246,0.0389359
1208,19.4583,-0.540085,0.0502119
6166,19.4589,-0.540085,0.0505436
4848,19.4597,-0.534246,0.039435
4849,19.4616,-0.534246,0.0399474
4851,19.4635,-0.534246,0.0404749
4660,19.4658,-0.510889,0.0135646
4855,19.4654,-0.534246,0.0410189
4856,19.4672,-0.534246,0.0415811
4858,19.469,-0.534246,0.0421631
4859,19.4709,-0.534246,0.0427663
6165,19.4717,-0.537787,0.0511871
4862,19.4727,-0.534246,0.0433924
4863,19.4745,-0.534246,0.044043
4865,19.4763,-0.534246,0.0447196
4866,19.478,-0.534246,0.0454238
4791,19.4798,-0.528407,0.0372389
4871,19.4798,-0.534246,0.0461572
4775,19.4802,-0.522567,0.0304868
4645,19.4815,-0.49921,0.00451536
4661,19.4814,-0.510889,0.0168889
4872,19.4815,-0.534246,0.0469212
4874,19.4832,-0.534246,0.0477166
4794,19.4837,-0.528407,0.0381796
4875,19.4849,-0.534246,0.0485444
4840,19.4856,-0.528407,0.0386604
4876,19.4865,-0.534246,0.0494056
4843,19.4875,-0.528407,0.0391503
4878,19.4882,-0.534246,0.0503009
4839,19.4894,-0.528407,0.0396508
4847,19.4913,-0.528407,0.0401636
6158,19.4924,-0.534061,0.0522304
4845,19.4932,-0.528407,0.0406902
4850,19.4951,-0.528407,0.0412322
4663,19.4969,-0.510889,0.0203587
4653,19.4973,-0.49921,0.00758069
4838,19.4969,-0.528407,0.0417911
4854,19.4988,-0.528407,0.0423686
4853,19.5006,-0.528407,0.0429662
4393,19.5035,-0.440817,-0.0469104
4857,19.5024,-0.528407,0.0435855
4852,19.5043,-0.528407,0.044228
4861,19.5061,-0.528407,0.0448954
4407,19.5092,-0.464174,-0.0245315
4860,19.5078,-0.528407,0.0455892
4864,19.5096,-0.528407,0.046311
4790,19.5114,-0.522567,0.0378906
4644,19.5124,-0.487531,-0.00130762
4837,19.5113,-0.528407,0.0470624
5015,19.5137,-0.43905,-0.0468499
4664,19.5123,-0.510889,0.0239728
4656,19.513,-0.49921,0.0107447
4870,19.513,-0.528407,0.0478447
4869,19.5147,-0.528407,0.0486588
4793,19.5152,-0.522567,0.0388554
4873,19.5164,-0.528407,0.0495056
6161,19.5167,-0.529687,0.0534552
4799,19.5172,-0.522567,0.0393489
4868,19.5181,-0.528407,0.0503859
4803,19.521,-0.522567,0.0403657
1205,19.5213,-0.528407,0.0522506
1206,19.5229,-0.528407,0.0532366
4806,19.5248,-0.522567,0.041433
4652,19.5287,-0.49921,0.0140258
4812,19.5285,-0.522567,0.0425633
5016,19.5308,-0.439171,-0.0439845
4815,19.5322,-0.522567,0.0437693
4819,19.5358,-0.522567,0.0450637
4822,19.5394,-0.522567,0.0464589
4792,19.543,-0.516728,0.0385424
4827,19.5429,-0.522567,0.0479676
4774,19.5433,-0.510889,0.0314846
4540,19.5442,-0.487531,0.00473542
4659,19.5443,-0.49921,0.0174424
5069,19.5473,-0.439253,-0.0412253
4830,19.5463,-0.522567,0.049601
4789,19.5468,-0.516728,0.0395313
4798,19.5487,-0.516728,0.0400374
4833,19.5496,-0.522567,0.0513663
4800,19.5507,-0.516728,0.0405533
4797,19.5526,-0.516728,0.0410806
4836,19.5528,-0.522567,0.0532699
4804,19.5545,-0.516728,0.0416209
1258,19.5544,-0.522567,0.0542756
6156,19.5561,-0.522567,0.0554487
4802,19.5564,-0.516728,0.0421757
4807,19.5582,-0.516728,0.0427468
4541,19.56,-0.487531,0.00787552
4658,19.5598,-0.49921,0.0210106
4796,19.5601,-0.516728,0.0433355
4811,19.5619,-0.516728,0.0439436
4810,19.5638,-0.516728,0.0445725
4814,19.5656,-0.516728,0.0452239
4394,19.5684,-0.440817,-0.0362886
4809,19.5674,-0.516728,0.0458993
4818,19.5692,-0.516728,0.0466003
4817,19.5709,-0.516728,0.0473285
4532,19.5734,-0.464174,-0.0131294
4821,19.5727,-0.516728,0.0480855
4535,19.575,-0.475853,-0.00122187
4676,19.5745,-0.510889,0.0391942
4795,19.5744,-0.516728,0.0488727
4667,19.5748,-0.505049,0.0319835
4662,19.5753,-0.49921,0.0247302
4543,19.5758,-0.487531,0.0111198
4826,19.5761,-0.516728,0.0496917
5013,19.5787,-0.439315,-0.0359598
4726,19.5784,-0.510889,0.0402072
4829,19.5794,-0.516728,0.0514279
4727,19.5803,-0.510889,0.0407259
4824,19.5811,-0.516728,0.0523466
4834,19.5827,-0.516728,0.0533002
4731,19.5842,-0.510889,0.0417955
4832,19.5843,-0.516728,0.0542893
1257,19.5859,-0.516728,0.0553147
4734,19.5879,-0.510889,0.0429185
4546,19.5915,-0.487531,0.014487
4740,19.5917,-0.510889,0.0441077
5014,19.594,-0.439299,-0.0333916
4743,19.5954,-0.510889,0.0453756
4747,19.599,-0.510889,0.0467349
4750,19.6025,-0.510889,0.0481981
4531,19.6068,-0.475853,0.00495548
4675,19.6061,-0.505049,0.039846
4755,19.606,-0.510889,0.0497779
4666,19.6064,-0.49921,0.0324824
4547,19.6071,-0.487531,0.0179959
4757,19.6093,-0.510889,0.0514853
4678,19.61,-0.505049,0.0408831
6152,19.6108,-0.512665,0.0582214
4725,19.6119,-0.505049,0.0414144
4761,19.6126,-0.510889,0.053327
4728,19.6138,-0.505049,0.0419563
4723,19.6157,-0.505049,0.0425103
4831,19.6158,-0.510889,0.0553087
1204,19.6173,-0.510889,0.0563537
4732,19.6176,-0.505049,0.0430782
4730,19.6195,-0.505049,0.0436613
1202,19.6204,-0.510889,0.0585495
4735,19.6214,-0.505049,0.0442614
4669,19.622,-0.49921,0.0364388
4539,19.6227,-0.475853,0.00817036
4549,19.6227,-0.487531,0.0216626
4722,19.6233,-0.505049,0.0448799
4739,19.6251,-0.505049,0.0455185
4738,19.6269,-0.505049,0.0461788
4742,19.6287,-0.505049,0.0468622
4673,19.6299,-0.49921,0.0384424
4737,19.6305,-0.505049,0.0475705
4404,19.6332,-0.440817,-0.0251487
4746,19.6323,-0.505049,0.0483052
4745,19.6341,-0.505049,0.0490677
4406,19.6356,-0.452496,-0.0132637
4749,19.6358,-0.505049,0.0498599
4409,19.6375,-0.464174,-0.00113612
4721,19.6375,-0.505049,0.0506831
4674,19.6377,-0.49921,0.0404978
4651,19.6379,-0.493371,0.0329812
4542,19.6386,-0.475853,0.0114949
4550,19.6383,-0.487531,0.0254875
4754,19.6392,-0.505049,0.0515387
4753,19.6408,-0.505049,0.0524275
4677,19.6416,-0.49921,0.041559
4758,19.6425,-0.505049,0.0533502
4724,19.6435,-0.49921,0.0421029
4752,19.6441,-0.505049,0.0543073
5012,19.6458,-0.43901,-0.0246756
6150,19.6447,-0.506519,0.0599422
4762,19.6457,-0.505049,0.0552997
4685,19.6473,-0.49921,0.0432252
4760,19.6488,-0.505049,0.0573928
4688,19.6511,-0.49921,0.0444041
1203,19.6519,-0.505049,0.0596283
4668,19.6536,-0.493371,0.0370078
4537,19.6543,-0.475853,0.0149482
4694,19.6548,-0.49921,0.0456521
4697,19.6585,-0.49921,0.0469819
4671,19.6615,-0.493371,0.0390504
4701,19.6621,-0.49921,0.0484061
6357,19.6653,-0.50276,0.0609947
4704,19.6656,-0.49921,0.0499374
4418,19.6695,-0.464174,0.00517554
4714,19.669,-0.49921,0.0515883
4553,19.6694,-0.487531,0.0334801
4672,19.6693,-0.493371,0.0411495
4545,19.67,-0.475853,0.0185493
4715,19.6724,-0.49921,0.0533697
4665,19.6732,-0.493371,0.0422348
4718,19.6756,-0.49921,0.0552877
4720,19.6772,-0.49921,0.0562995
4681,19.6789,-0.493371,0.0439401
4706,19.6803,-0.49921,0.0584319
4686,19.6808,-0.493371,0.0445354
5070,19.684,-0.438556,-0.0182386
4684,19.6827,-0.493371,0.0451469
1255,19.6833,-0.49921,0.0607072
4538,19.6854,-0.464174,0.00846519
4558,19.6852,-0.487531,0.0375767
6356,19.6849,-0.49921,0.0619887
4544,19.6856,-0.475853,0.0223146
4680,19.6864,-0.493371,0.0464243
4693,19.6883,-0.493371,0.0470935
4692,19.6901,-0.493371,0.0477851
4696,19.6919,-0.493371,0.0485006
5071,19.6937,-0.438405,-0.0165916
4670,19.693,-0.487531,0.0396584
4691,19.6937,-0.493371,0.0492418
4700,19.6954,-0.493371,0.05001
4405,19.6979,-0.440817,-0.013398
4699,19.6972,-0.493371,0.050807
4703,19.6989,-0.493371,0.0516343
4408,19.7,-0.452496,-0.00105037
4420,19.7013,-0.464174,0.01187
4562,19.7009,-0.487531,0.0418013
4548,19.7012,-0.475853,0.0262448
4712,19.7023,-0.493371,0.0533858
4711,19.7039,-0.493371,0.0543119
4598,19.7047,-0.487531,0.0429107
6149,19.7054,-0.495477,0.063034
4716,19.7055,-0.493371,0.0552724
4710,19.7071,-0.493371,0.056268
4599,19.7086,-0.487531,0.0440608
4719,19.7087,-0.493371,0.0572993
4601,19.7105,-0.487531,0.044655
5011,19.7128,-0.438069,-0.0133761
4707,19.7118,-0.493371,0.0594709
4604,19.7143,-0.487531,0.0458896
5072,19.7171,-0.437987,-0.0126654
4425,19.7172,-0.464174,0.0154094
4609,19.718,-0.487531,0.0471965
4613,19.7217,-0.487531,0.0485882
4614,19.7235,-0.487531,0.0493198
4560,19.7246,-0.481692,0.0402663
4617,19.7252,-0.487531,0.0500774
4620,19.7287,-0.487531,0.0516766
5009,19.7302,-0.440817,-0.00727357
4619,19.7304,-0.487531,0.0525215
4403,19.7322,-0.452496,0.0053956
4594,19.7321,-0.487531,0.0533986
4536,19.7325,-0.475853,0.0344779
4561,19.7324,-0.481692,0.0424531
4426,19.7329,-0.464174,0.0191028
4626,19.7338,-0.487531,0.0543093
4625,19.7354,-0.487531,0.0552541
4564,19.7363,-0.481692,0.0435866
4709,19.7386,-0.487531,0.0572484
4597,19.7402,-0.481692,0.0447623
4627,19.7402,-0.487531,0.058299
4596,19.7421,-0.481692,0.0453699
4621,19.7433,-0.487531,0.06051
4602,19.744,-0.481692,0.0459927
4600,19.7459,-0.481692,0.0466324
1253,19.7462,-0.487531,0.0628649
4417,19.7482,-0.452496,0.00876003
4605,19.7477,-0.481692,0.0472906
4554,19.7483,-0.475853,0.0387145
4428,19.7486,-0.464174,0.0229665
6148,19.749,-0.487531,0.0652587
4595,19.7496,-0.481692,0.0479687
5010,19.751,-0.437228,-0.00698376
4610,19.7514,-0.481692,0.0486684
4608,19.7532,-0.481692,0.0493913
6146,19.7548,-0.486477,0.0655539
4612,19.755,-0.481692,0.050139
4559,19.7562,-0.475853,0.0408743
4607,19.7568,-0.481692,0.050913
4616,19.7586,-0.481692,0.0517149
4401,19.7626,-0.440817,-0.000964624
4419,19.7641,-0.452496,0.0122451
4429,19.7642,-0.464174,0.0270022
4557,19.764,-0.475853,0.0431049
4563,19.7679,-0.475853,0.0442625
4624,19.7686,-0.481692,0.0571947
4569,19.7718,-0.475853,0.0454638
4623,19.7717,-0.481692,0.0592988
5073,19.7729,-0.436638,-0.00331358
4571,19.7737,-0.475853,0.0460847
4622,19.7747,-0.481692,0.0615491
4574,19.7774,-0.475853,0.0473752
4415,19.78,-0.452496,0.0158707
4581,19.7812,-0.475853,0.0487409
4584,19.7848,-0.475853,0.0501945
4555,19.7877,-0.470013,0.0414823
4577,19.7884,-0.475853,0.0517486
5008,19.7898,-0.436132,-0.000501169
4585,19.7918,-0.475853,0.0534159
4587,19.7935,-0.475853,0.0542959
4402,19.7948,-0.440817,0.00561567
4424,19.7958,-0.452496,0.0196563
4565,19.7952,-0.475853,0.055209
4435,19.7956,-0.464174,0.0354757
4556,19.7956,-0.470013,0.0437566
6355,19.7965,-0.478866,0.0676851
4589,19.7985,-0.475853,0.0571384
4552,19.7995,-0.470013,0.0449384
4568,19.8033,-0.470013,0.0461653
4593,19.8032,-0.475853,0.0602986
6354,19.8049,-0.47732,0.0681179
4567,19.8052,-0.470013,0.0467996
4592,19.8062,-0.475853,0.0625881
4572,19.8071,-0.470013,0.04745
4570,19.809,-0.470013,0.048118
1200,19.8091,-0.475853,0.0650225
4416,19.8109,-0.440817,0.00905486
4575,19.8109,-0.470013,0.0488051
4423,19.8115,-0.452496,0.0236185
4434,19.8114,-0.464174,0.0398524
1201,19.812,-0.475853,0.0675902
4566,19.8127,-0.470013,0.0495131
6144,19.8129,-0.475853,0.0685287
4582,19.8146,-0.470013,0.0502434
6353,19.8145,-0.47556,0.0686107
4580,19.8164,-0.470013,0.0509976
4579,19.8182,-0.470013,0.0517774
4441,19.8193,-0.464174,0.0420903
6352,19.8205,-0.474455,0.0689202
4442,19.8233,-0.464174,0.0432367
4413,19.8269,-0.440817,0.0126202
4427,19.8272,-0.452496,0.0277595
4551,19.8272,-0.464174,0.0444084
5007,19.8286,-0.434795,0.00604255
4460,19.8311,-0.464174,0.0456143
4461,19.8349,-0.464174,0.0468668
4472,19.8368,-0.464174,0.0475145
4475,19.8406,-0.464174,0.0488608
4414,19.8428,-0.440817,0.0163319
4484,19.8443,-0.464174,0.0502853
5006,19.848,-0.434042,0.00938032
4488,19.848,-0.464174,0.0518008
4494,19.8515,-0.464174,0.0534198
4497,19.855,-0.464174,0.0551551
4499,19.8567,-0.464174,0.0560703
4421,19.8587,-0.440817,0.0202098
4412,19.8586,-0.452496,0.0364734
4509,19.8583,-0.464174,0.0570193
4444,19.8588,-0.458335,0.0450602
5074,19.8614,-0.433489,0.0117321
4512,19.8616,-0.464174,0.0590228
4455,19.8627,-0.458335,0.0462901
4514,19.8631,-0.464174,0.0600782
4517,19.8647,-0.464174,0.0611698
4459,19.8665,-0.458335,0.0475683
5005,19.8679,-0.433211,0.0128882
4463,19.8684,-0.458335,0.0482294
6143,19.8689,-0.4656,0.0713995
4520,19.8692,-0.464174,0.0646663
4473,19.8703,-0.458335,0.0489073
4471,19.8722,-0.458335,0.0496035
4521,19.8721,-0.464174,0.0671802
4422,19.8744,-0.440817,0.0242705
4476,19.8741,-0.458335,0.0503197
4433,19.8745,-0.452496,0.0409903
1252,19.8748,-0.464174,0.0698285
6142,19.8767,-0.464174,0.0717987
6351,19.8793,-0.46369,0.0719343
4438,19.8825,-0.452496,0.0433062
4440,19.8864,-0.452496,0.0444951
5004,19.8891,-0.432265,0.0167255
4410,19.8901,-0.440817,0.0285168
4443,19.8903,-0.452496,0.045712
6350,19.8914,-0.461466,0.0725571
4454,19.8942,-0.452496,0.046966
4458,19.8981,-0.452496,0.0482698
4462,19.9,-0.452496,0.0489443
4468,19.9019,-0.452496,0.0496359
4469,19.9038,-0.452496,0.0503463
4449,19.9056,-0.452496,0.051077
4448,19.9075,-0.452496,0.0518297
4486,19.9093,-0.452496,0.0526058
5003,19.9102,-0.431259,0.0206742
4483,19.9111,-0.452496,0.0534071
5076,19.9128,-0.431128,0.0211792
4489,19.9129,-0.452496,0.054235
4480,19.9146,-0.452496,0.0550911
4495,19.9164,-0.452496,0.055977
4493,19.9181,-0.452496,0.0568944
4498,19.9198,-0.452496,0.0578448
4411,19.9217,-0.440817,0.0374712
4447,19.9214,-0.452496,0.0588297
4431,19.9219,-0.446656,0.0463637
4510,19.923,-0.452496,0.0598503
4508,19.9246,-0.452496,0.0609072
4430,19.9258,-0.446656,0.0476419
4513,19.9262,-0.452496,0.0620005
4505,19.9277,-0.452496,0.0631305
6141,19.9281,-0.454752,0.0744369
4518,19.9292,-0.452496,0.0642977
4456,19.9297,-0.446656,0.0489713
4453,19.9316,-0.446656,0.0496591
4516,19.9321,-0.452496,0.0667444
5002,19.9329,-0.430106,0.0250692
4467,19.9335,-0.446656,0.0503645
4502,19.935,-0.452496,0.0693379
4466,19.9354,-0.446656,0.0510891
4450,19.9372,-0.446656,0.0518343
4436,19.9376,-0.440817,0.0421281
1251,19.9377,-0.452496,0.0720668
5077,19.9389,-0.42979,0.0262529
6140,19.9404,-0.452496,0.0750687
6349,19.9434,-0.451943,0.0752233
4437,19.9456,-0.440817,0.0445222
5001,19.947,-0.429351,0.027882
4439,19.9496,-0.440817,0.0457534
4999,19.9531,-0.429138,0.0292742
5119,19.9555,-0.440817,0.0476608
5000,19.9558,-0.428869,0.0296421
4457,19.9574,-0.440817,0.0483178
5118,19.9593,-0.440817,0.0489879
4451,19.9613,-0.440817,0.0496728
6348,19.9611,-0.448689,0.0761345
5078,19.9623,-0.428506,0.0309565
4452,19.9632,-0.440817,0.050374
4464,19.9651,-0.440817,0.0510932
4465,19.9669,-0.440817,0.0518319
4485,19.9706,-0.440817,0.0533741
4482,19.9743,-0.440817,0.0550134
4478,19.976,-0.440817,0.0558733
4479,19.9778,-0.440817,0.0567623
4491,19.9795,-0.440817,0.0576819
4492,19.9812,-0.440817,0.0586337
4998,19.9848,-0.429138,0.038469
4446,19.9845,-0.440817,0.06064
4506,19.9861,-0.440817,0.0616974
6139,19.9869,-0.443955,0.07746
4507,19.9877,-0.440817,0.0627915
4503,19.9892,-0.440817,0.0639227
4504,19.9907,-0.440817,0.0650912
4515,19.9922,-0.440817,0.0662972
4500,19.9951,-0.440817,0.0688225
4501,19.9979,-0.440817,0.0714956
4994,20.0007,-0.429138,0.043266
1225,20.0006,-0.440817,0.0743051
4996,20.0019,-0.426173,0.0390471
6138,20.004,-0.440817,0.0783387
6198,20.0068,-0.440309,0.078481
4997,20.0083,-0.425775,0.0403688
4992,20.0087,-0.429138,0.0457381
4990,20.0127,-0.429138,0.0470118
4988,20.0167,-0.429138,0.0483191
4986,20.0186,-0.429138,0.0489881
4984,20.0206,-0.429138,0.0496696
4982,20.0225,-0.429138,0.0503649
4980,20.0244,-0.429138,0.0510758
4995,20.0251,-0.424711,0.0438266
4977,20.0282,-0.429138,0.0525505
6200,20.0296,-0.436103,0.0796585
5081,20.0301,-0.429138,0.0533174
5083,20.032,-0.429138,0.0541062
5085,20.0338,-0.429138,0.0549185
4993,20.0355,-0.42403,0.0460145
5089,20.0374,-0.429138,0.0566196
5091,20.0392,-0.429138,0.0575117
5093,20.0409,-0.429138,0.0584336
4991,20.0431,-0.42353,0.047629
5097,20.0443,-0.429138,0.0603729
6199,20.0454,-0.433205,0.0804701
5099,20.046,-0.429138,0.0613936
4989,20.0493,-0.423109,0.0490076
5103,20.0492,-0.429138,0.0635444
5105,20.0507,-0.429138,0.0646759
4987,20.0524,-0.422897,0.0497113
5107,20.0523,-0.429138,0.065845
5110,20.0552,-0.429138,0.0682968
4985,20.0555,-0.422683,0.0504265
5113,20.0581,-0.429138,0.0709006
4983,20.0597,-0.422387,0.0514318
5117,20.0608,-0.429138,0.0736532
4981,20.0617,-0.42225,0.0519068
1226,20.0634,-0.429138,0.0765435
4979,20.0648,-0.422028,0.0526813
6202,20.0675,-0.429138,0.0816087
5079,20.0679,-0.421804,0.0534735
6201,20.0695,-0.428776,0.0817103
5080,20.071,-0.421579,0.0542846
5082,20.0741,-0.421351,0.0551232
5084,20.0772,-0.421121,0.0559831
5086,20.0802,-0.420888,0.0568736
5088,20.0841,-0.420589,0.0580376
5090,20.0864,-0.420413,0.0587394
5092,20.0894,-0.42017,0.0597213
5094,20.0922,-0.419941,0.0606673
5096,20.0955,-0.419674,0.0617886
6204,20.0971,-0.42369,0.0831344
5098,20.0985,-0.419421,0.0628755
5100,20.1007,-0.419234,0.0636865
6203,20.1036,-0.422497,0.0834682
5102,20.1045,-0.4189,0.0651706
5104,20.1081,-0.418577,0.0666317
5106,20.1105,-0.418359,0.067627
5109,20.1164,-0.417798,0.0702411
5111,20.1198,-0.417463,0.0718248
5112,20.121,-0.41746,0.0729788
5114,20.1224,-0.41721,0.0730335
5116,20.1237,-0.41746,0.0758109
5115,20.1243,-0.417012,0.0739803
1223,20.1263,-0.41746,0.0787818
6197,20.131,-0.41746,0.0848787
6195,20.1319,-0.417289,0.0849266
1224,20.1341,-0.415989,0.0788921
6344,20.1467,-0.414565,0.0856894
